ts_ms,side,price,size,exec_id,seq,recv_ts_ms
1766322157313,Sell,88633.20,0.010,92f90b5a-7f19-51bd-9032-92cf2c7d40f7,501952996043,1766322157448
1766322159775,Buy,88633.30,0.025,a3060cbe-7a95-5839-ae1d-ca46294492ff,501952999281,1766322159938
1766322159680,Buy,88633.30,0.014,356e1b20-b8d6-5924-a16e-ec7018a233dc,501952998902,1766322159938
1766322159604,Buy,88633.30,0.005,0424e326-6985-5d6c-ac63-ded73ae94cad,501952998809,1766322159938
1766322160947,Buy,88633.30,0.028,8fee7683-b8e2-504b-853a-8bf0ec0b7905,501953000502,1766322161263
1766322161415,Buy,88633.30,0.041,9a5d9e27-1185-55af-ba38-ad0d9d0e47b4,501953000880,1766322161664
1766322161415,Buy,88633.30,0.018,b70e5795-8280-5641-a248-e7c97bef5d00,501953000880,1766322161664
1766322161415,Buy,88633.30,0.024,14eff837-bd46-5624-bd20-079e0981fec0,501953000880,1766322161664
1766322161415,Buy,88633.30,0.006,39e31420-baa9-5444-b0be-60feea0e1ce5,501953000880,1766322161664
1766322161415,Buy,88633.30,0.112,f28180ca-98c5-5d79-a059-17c60b3b1cba,501953000880,1766322161664
1766322161415,Buy,88633.30,0.001,c899bebd-b11f-5678-8d10-de9807b4ad21,501953000880,1766322161664
1766322161415,Buy,88633.30,0.001,1f12eddc-b4fa-5724-9a69-95190f55ff2c,501953000880,1766322161664
1766322161415,Buy,88633.30,0.001,e901410b-7545-5a3a-9f45-366b2003c109,501953000880,1766322161664
1766322161415,Buy,88633.30,0.010,08b3b61f-9849-5a8e-8cef-40b95d713002,501953000880,1766322161664
1766322161415,Buy,88633.30,0.001,a1e307b7-c9a2-5409-8b82-d9e8a8a1060c,501953000880,1766322161664
1766322161415,Buy,88633.30,0.045,86e13326-16b1-529e-92d1-29dee23a4468,501953000880,1766322161664
1766322162379,Buy,88633.30,0.004,17680f60-bdc4-55b3-9bac-ab96e83cf9b8,501953006011,1766322162804
1766322163649,Buy,88637.60,0.017,c49f4771-be8a-5ba7-9c65-08db9b213be8,501953012426,1766322163880
1766322163649,Buy,88637.60,0.002,9c4374dd-816e-5c0a-ad7e-3694d32a3df4,501953012426,1766322163880
1766322163649,Buy,88637.50,0.067,7d38efc1-3eda-5890-91f0-e5f48df05bd2,501953012426,1766322163880
1766322163649,Buy,88635.80,0.075,5bf5b197-80f3-5d0a-8c81-47476e7b4be9,501953012426,1766322163880
1766322163649,Buy,88635.80,0.002,0665e56c-4fdb-5c8b-bba7-9ce3a9e37f05,501953012426,1766322163880
1766322163649,Buy,88635.40,0.008,db3503bc-d476-5811-ab65-3bd343929e63,501953012426,1766322163880
1766322163649,Buy,88635.10,0.001,e88060bd-3027-5ddb-b519-d523f6fd732e,501953012426,1766322163880
1766322163649,Buy,88635.00,0.002,2fa1eaaf-5f65-5497-8705-2f71d472fc8b,501953012426,1766322163880
1766322163649,Buy,88634.90,0.062,4ec4e492-238c-5f3f-b9cb-3cc89a57d164,501953012426,1766322163880
1766322163649,Buy,88633.30,0.024,ca58c67d-c979-520d-bb4e-4be4bb5b4eeb,501953012426,1766322163880
1766322163649,Buy,88633.30,0.014,299e3ba6-35a2-5fb5-acb6-cb03c217e023,501953012426,1766322163880
1766322163649,Buy,88633.30,0.010,684f79cf-6e2c-53c0-87d9-64195b0d6e6a,501953012426,1766322163880
1766322163649,Buy,88633.30,0.112,67e6b17e-e5d8-59a1-bd7b-2070549c02c7,501953012426,1766322163880
1766322163649,Buy,88633.30,0.001,d8f5064c-d024-5bfa-913f-0b37b67ea19a,501953012426,1766322163880
1766322163649,Buy,88633.30,0.023,a7746058-df16-5df4-8b45-e7bb172b380d,501953012426,1766322163880
1766322163649,Buy,88633.30,0.010,c03b53d4-b7b5-5e08-a31f-11dea9db434e,501953012426,1766322163880
1766322163649,Buy,88633.30,0.044,030300d9-05c0-57d6-998c-274fd55f64cd,501953012426,1766322163880
1766322163649,Buy,88633.30,0.026,8a4a3a1c-25c8-53eb-8eb8-92ff59ff842a,501953012426,1766322163880
1766322164391,Buy,88637.60,0.081,ee012c07-3f47-5003-9b2c-7171bf06f47e,501953016534,1766322164440
1766322164391,Buy,88637.60,0.008,e3df07cd-d3b4-56a4-824a-66c312b2d364,501953016534,1766322164440
1766322164391,Buy,88637.60,0.001,3d154a98-60d0-59cc-9d85-c006291a92ea,501953016534,1766322164440
1766322164391,Buy,88637.60,0.110,e0e0fb47-727b-5c9e-aae1-4e5f76e46ec3,501953016534,1766322164440
1766322164203,Buy,88637.60,0.002,6345f2a4-a016-56ae-830f-e94105ff60eb,501953015886,1766322164440
1766322164203,Buy,88637.60,0.001,1dfcb7e6-3951-5094-b169-ba3edab990e8,501953015886,1766322164440
1766322164798,Buy,88637.60,0.069,af508e3f-b6cb-5321-a4ae-3ccaa3684232,501953017497,1766322165268
1766322164798,Buy,88637.60,0.001,03f6a0ca-4598-526d-add0-edd8c20963c5,501953017497,1766322165268
1766322164798,Buy,88637.60,0.008,5387b372-3cb5-5a0b-9ecf-da6e502cd6b7,501953017497,1766322165268
1766322164798,Buy,88637.60,0.010,508e10f9-60d5-5738-8ddc-ab1409f3191c,501953017497,1766322165268
1766322164798,Buy,88637.60,0.032,d96f7949-3cd6-5282-9b82-1b534dede995,501953017497,1766322165268
1766322166498,Sell,88634.30,0.001,7a6826e0-ea7d-5105-a872-2bf92d9d59cc,501953028874,1766322166648
1766322166493,Sell,88635.90,0.002,ca8bf10d-f9d0-5fe7-b082-3fb8e5f33744,501953028468,1766322166648
1766322166493,Sell,88636.20,0.001,cb4513f3-2e7a-54c8-990e-42b99097ac52,501953028468,1766322166648
1766322166493,Sell,88636.30,0.005,4c74c3e2-e004-56af-bf99-111c61cb82e2,501953028468,1766322166648
1766322166489,Sell,88637.50,0.001,4622a303-1e79-5dbf-b4ef-b7e3399f0dfe,501953028071,1766322166648
1766322166489,Sell,88637.50,0.012,64575752-4dcc-5943-a732-062d753a79a4,501953028071,1766322166648
1766322166489,Sell,88637.50,0.070,5d15efef-03ba-53a2-954d-e4e7231946a5,501953028071,1766322166648
1766322166486,Sell,88637.50,0.068,cc50fc25-1e3b-522d-a338-f6ce21455ca4,501953027928,1766322166648
1766322166484,Sell,88637.50,0.045,1128ef3b-e73f-5837-a39b-4d6ded1278d7,501953027893,1766322166648
1766322166484,Sell,88637.50,0.042,4630939c-6290-5936-a6c5-59ed8672e941,501953027887,1766322166648
1766322166484,Sell,88637.50,0.001,649b5335-94ab-5b4a-8c6a-c1d0e6db328c,501953027887,1766322166648
1766322166484,Sell,88637.50,0.001,3ef11e32-d014-5a8f-ad91-e3494e47ce81,501953027887,1766322166648
1766322166484,Sell,88637.50,0.001,a381a0f9-f576-53a8-a663-97849aaf1f2e,501953027887,1766322166648
1766322168459,Sell,88633.50,0.001,a7294443-3ec3-51dd-b48e-96bb7582b87e,501953042364,1766322168562
1766322168459,Sell,88633.50,0.011,8259c978-78fd-57c4-aa93-3dd3651c7f14,501953042364,1766322168562
1766322168452,Sell,88633.50,0.352,46acd3be-48db-507b-a7f1-627eab4442a5,501953042186,1766322168562
1766322168452,Sell,88633.50,0.001,62a5cac9-5d70-52a6-8d02-1a4026fef694,501953042186,1766322168562
1766322168452,Sell,88633.50,0.010,33414f83-fadf-5cf9-bedb-be84d68626f6,501953042186,1766322168562
1766322168452,Sell,88633.50,0.001,09b71e75-dd1e-5bd9-b061-4c9fce4e232d,501953042186,1766322168562
1766322168452,Sell,88633.50,0.225,34c6dd7d-7aa3-54cc-aa98-4a5bb3a869dd,501953042186,1766322168562
1766322168452,Sell,88633.50,0.037,ce7cc175-1484-525f-b305-d4321283d0bc,501953042186,1766322168562
1766322168452,Sell,88633.50,0.001,b0efb9b9-42a2-59d3-a6e2-82c98d55ad50,501953042186,1766322168562
1766322168452,Sell,88633.50,0.007,a7d02a54-a937-5dde-8198-52da45b4f9bc,501953042186,1766322168562
1766322168621,Buy,88633.30,0.011,3717ffa4-c196-5d5f-a1b4-85b90ea23be7,501953044451,1766322168793
1766322169050,Sell,88633.20,0.011,00297e41-2b06-5b41-aaba-3fdd46cd3f63,501953048240,1766322169339
1766322169050,Sell,88633.20,0.017,1979b083-bc7b-5d14-8166-a8818a7a35ab,501953048240,1766322169339
1766322169050,Sell,88633.20,0.015,35b66a52-4038-57e7-89c3-19c31a981aaf,501953048240,1766322169339
1766322169050,Sell,88633.20,0.020,61d7ff89-9150-58c0-96f0-5bd87db524f4,501953048240,1766322169339
1766322169050,Sell,88633.20,0.030,5a9893f5-7a5d-5a21-bd20-c8c9fbb91ae9,501953048240,1766322169339
1766322169050,Sell,88633.20,0.018,6fbc08af-fe1a-5860-bbcc-d3e307d3fc80,501953048240,1766322169339
1766322169050,Sell,88633.20,0.003,08d64413-6421-50d1-ba60-ae4ecc4a67dd,501953048240,1766322169339
1766322169618,Buy,88633.30,0.001,a24e9e3b-7b63-5558-8667-7d938473feb7,501953052632,1766322169689
1766322169838,Sell,88630.40,0.002,c65793ae-5aa9-5acb-ba24-57372d9176d8,501953056653,1766322169918
1766322169822,Sell,88630.60,0.002,3cc281b1-7fdc-50f7-9587-b0ee7de80305,501953055367,1766322169918
1766322169822,Sell,88630.80,0.001,5f17b5b8-5cec-504d-99c4-cf91f5e01c26,501953055367,1766322169918
1766322169822,Sell,88631.10,0.018,14bddb69-db81-5878-a2aa-ccc75c36e6f4,501953055367,1766322169918
1766322169816,Sell,88631.50,0.002,4ccd6080-0a8d-5f40-b4fd-3c5f7213a063,501953054495,1766322169918
1766322169816,Sell,88631.50,1.461,684efc2e-9db4-5e1b-a657-9c1b2794b084,501953054495,1766322169918
1766322169816,Sell,88631.60,0.001,34e7e800-a85f-549a-806b-d3bfefdb9db1,501953054495,1766322169918
1766322169816,Sell,88631.90,0.001,c1c36613-4f1a-534d-9464-ac7432d09336,501953054495,1766322169918
1766322169816,Sell,88632.00,0.001,1bb1af8d-89ea-5452-8bf8-eb14e94b83a8,501953054495,1766322169918
1766322169813,Sell,88633.10,0.037,74ee0a96-ce06-5841-8ce9-1ed05ac2d255,501953054394,1766322169918
1766322169813,Sell,88633.10,0.011,a119e4f5-74ed-5d45-8ff5-13f7b667e0c8,501953054394,1766322169918
1766322169813,Sell,88633.10,0.013,850d93ae-442a-5a97-b0ad-8b34f4d65e6c,501953054394,1766322169918
1766322169813,Sell,88633.10,0.340,20741710-8f60-5655-a550-591f19ee69af,501953054394,1766322169918
1766322169813,Sell,88633.20,0.001,0ba81fc7-d094-5f36-bbf5-f8bc9f2a93e9,501953054394,1766322169918
1766322169813,Sell,88633.20,0.119,a9f6feb0-4436-5292-ac5c-6e70d2329719,501953054394,1766322169918
1766322169805,Sell,88633.20,0.038,79f14c01-4e40-569e-b9fb-2fd4f93c1905,501953054231,1766322169918
1766322169805,Sell,88633.20,0.001,fcf2bdab-55b5-5560-b1e7-a6f97ea565b2,501953054231,1766322169918
1766322169805,Sell,88633.20,0.017,cec97515-1a38-5e04-8382-f33e4a0542ce,501953054231,1766322169918
1766322169805,Sell,88633.20,0.005,1ca65274-151e-5733-98ed-066260440cd7,501953054231,1766322169918
1766322169805,Sell,88633.20,0.007,a222634d-7443-5d32-aca5-463123eb75fb,501953054231,1766322169918
1766322170578,Buy,88630.50,0.050,ad36b5c6-fa79-5479-ae5b-84948bf47016,501953062792,1766322170919
1766322171111,Sell,88630.40,0.004,fbfc3d5b-1032-5f88-b471-86eb4cbf97a6,501953067254,1766322171253
1766322171111,Sell,88630.40,0.001,6bad063c-be18-546a-b357-fb46942c94a0,501953067254,1766322171253
1766322172058,Buy,88630.50,0.225,a2864cc5-3df9-5635-a1b6-68e4b97deb6c,501953074583,1766322172496
1766322172320,Buy,88630.50,0.002,fab27430-5304-55e0-b64d-c1722de8a3bf,501953076520,1766322172902
1766322173224,Buy,88630.50,0.001,1fec20bc-5648-530a-b748-aac92e58eb25,501953082429,1766322173391
1766322174058,Buy,88630.50,0.055,cae17f83-5c14-5b08-8b83-209c21fc1d0c,501953084710,1766322174209
1766322174058,Buy,88630.50,0.010,bd515cca-dbc6-580a-bc1e-cf0a4efec5c3,501953084710,1766322174209
1766322174058,Buy,88630.50,0.001,b41dbdd6-c464-5de4-952d-977444ef2a67,501953084710,1766322174209
1766322174058,Buy,88630.50,0.001,34c4f885-9a2a-5fe1-8d3d-e273f5aa55ff,501953084710,1766322174209
1766322174058,Buy,88630.50,0.001,dd60f9f2-ce62-5a92-8fd5-72c0bb0d3141,501953084710,1766322174209
1766322174007,Sell,88630.40,0.002,e6cd3604-c6b2-5000-b366-b916dbb05142,501953084207,1766322174209
1766322174153,Buy,88631.20,0.001,c51184a8-a7bc-5f6d-b890-a26b4c3d8a08,501953087513,1766322174359
1766322174153,Buy,88631.20,0.008,65853add-fa7d-5f8d-94a0-e8aae1128db8,501953087513,1766322174359
1766322174093,Buy,88630.70,0.003,538bfb75-acc3-5066-90ce-a46e99630567,501953085530,1766322174359
1766322174089,Buy,88630.50,0.001,83549378-9f37-5d55-b7f4-fd6fde3352a0,501953085325,1766322174359
1766322174089,Buy,88630.50,0.013,5ff2f09c-0e1f-5142-8b27-0950efc2ace3,501953085325,1766322174359
1766322174076,Buy,88630.50,0.062,3dfe70f4-90c5-5f0c-bc6a-87cc386e3270,501953085055,1766322174359
1766322174553,Buy,88635.90,0.001,089cc87f-bbcd-5eeb-af94-71454ab3546e,501953095592,1766322174773
1766322174553,Buy,88635.90,0.001,fee75cba-5009-559b-8b0a-da007c4caf8d,501953095592,1766322174773
1766322174541,Buy,88633.30,0.001,aba5c5ee-76ac-5f0f-b3ea-088da808fc6f,501953094524,1766322174773
1766322174541,Buy,88633.30,0.001,f3af40f5-7025-59a1-84a6-2e46ac5eab44,501953094524,1766322174773
1766322174541,Buy,88633.30,0.002,039ad403-b6af-578e-8a76-2c2f23b30f92,501953094524,1766322174773
1766322174519,Buy,88632.00,0.001,c821256e-d745-5149-80dd-0f77f1e13423,501953093314,1766322174773
1766322174519,Buy,88632.00,0.002,c485aca8-780b-5f78-87f8-564084771ac4,501953093314,1766322174773
1766322174519,Buy,88632.00,0.008,d0c1fe4d-5e08-52e7-bbe5-2b680200ef70,501953093314,1766322174773
1766322174519,Buy,88632.00,0.001,cb6f72d4-941d-5ed2-ada2-cd36d4c61b49,501953093314,1766322174773
1766322174519,Buy,88632.00,0.001,05eeeb00-57ad-5bbb-bb13-25c15600f333,501953093314,1766322174773
1766322175129,Buy,88637.70,0.174,3ee42df4-9ef9-5921-9d04-ea9559682c6b,501953100108,1766322175252
1766322175129,Buy,88637.70,0.037,967a1497-d9ae-596f-ba58-89f0a62302fb,501953100108,1766322175252
1766322175129,Buy,88637.70,0.001,b7094384-36a1-5b1c-815d-62b5a6139f16,501953100108,1766322175252
1766322175129,Buy,88637.70,0.001,3e3f89d9-e614-5baf-acb3-c343c12b1440,501953100108,1766322175252
1766322175560,Buy,88640.50,0.043,f7ebffdc-e540-5661-9715-3e13e8945575,501953103807,1766322175851
1766322175547,Buy,88640.50,0.038,227139a9-66c2-5c08-b67c-ec3d60d6d4a4,501953103097,1766322175851
1766322175547,Buy,88640.00,0.001,8f638191-84f6-58dc-b14b-ff16194787f3,501953103067,1766322175851
1766322175547,Buy,88640.00,0.001,ec62605e-24fa-5711-9d8b-ec13027186ac,501953103067,1766322175851
1766322175543,Buy,88639.90,0.001,1491f766-1236-595f-8793-65553f5ba507,501953102901,1766322175851
1766322175543,Buy,88639.90,0.003,bbf2219a-4e48-5d5b-b22d-4ff86e67524f,501953102901,1766322175851
1766322175543,Buy,88639.90,0.001,95d57242-fba8-503f-b0cb-ca154dad3570,501953102901,1766322175851
1766322175528,Buy,88638.00,0.007,4198d355-c52f-5078-aa81-8573f3ae2227,501953101641,1766322175851
1766322175525,Buy,88637.70,0.001,d5a50c2a-1d8d-5823-8b17-9f59500ec3e8,501953101619,1766322175851
1766322175525,Buy,88637.70,0.003,8aa19d93-4502-59ed-9a38-31ee5e348884,501953101619,1766322175851
1766322175525,Buy,88637.70,0.360,ed19c1ae-0999-57c7-b462-ae39d405bf07,501953101619,1766322175851
1766322175525,Buy,88637.70,0.112,8e96eb4a-e4a7-5ab3-82fe-eb21ec481003,501953101619,1766322175851
1766322175525,Buy,88637.70,0.340,9a471e75-dc95-5fe9-a0f7-8f7b9cdbba87,501953101619,1766322175851
1766322175514,Buy,88637.70,0.056,475cc579-e02b-50a6-9de6-3d7afa88768c,501953101420,1766322175851
1766322175514,Buy,88637.70,0.010,94281a5c-901d-54c0-9eab-89e4333484fe,501953101420,1766322175851
1766322175514,Buy,88637.70,0.001,c2f5f89d-9f8c-55fa-aee9-2cb3fc6fb3b2,501953101420,1766322175851
1766322175514,Buy,88637.70,0.001,f4b4acab-72e2-57ea-b449-d313f8336f3c,501953101420,1766322175851
1766322176511,Buy,88640.50,0.038,268ccb40-5570-5e1e-a4ef-19f1b8280dda,501953110975,1766322176599
1766322176369,Buy,88640.50,0.001,9fb0d7c7-f770-5bec-ae3c-73f281b8e0a5,501953110428,1766322176599
1766322177661,Buy,88640.50,0.001,52914770-5c6a-5209-871f-e59d4add69b9,501953115167,1766322177887
1766322177651,Buy,88640.50,0.001,c71d2359-a096-551b-9826-575a5c5a86c0,501953115082,1766322177887
1766322177928,Sell,88640.40,0.010,646d74d5-8207-5db7-b284-2654472e6e37,501953116063,1766322178061
1766322178709,Buy,88640.50,0.006,c62cd4db-6630-598f-9992-f459d076213e,501953117018,1766322178965
1766322178645,Buy,88640.50,0.005,3e5f8e39-5292-5c16-859f-012d30e34930,501953116912,1766322178965
1766322178537,Buy,88640.50,0.016,6d80e8bf-46f5-5f32-875b-26d88bbb60c3,501953116726,1766322178965
1766322178537,Buy,88640.50,0.112,fb1b0fcf-c2d8-5a3f-9cb5-92f2562023eb,501953116726,1766322178965
1766322178537,Buy,88640.50,0.010,090fd53d-e7f2-5d42-955e-992173635ee3,501953116726,1766322178965
1766322178537,Buy,88640.50,0.008,62526d7d-8758-5ad5-9086-a1ea54d1a59e,501953116726,1766322178965
1766322178537,Buy,88640.50,0.001,f17d2e0c-9400-5720-94cc-3e606b09c39f,501953116726,1766322178965
1766322178537,Buy,88640.50,0.001,a34a2e94-a659-52c4-bb88-6c4cf34af5c4,501953116726,1766322178965
1766322178537,Buy,88640.50,0.078,bc55ded3-68ec-5373-8f75-244f2d596585,501953116726,1766322178965
1766322179356,Sell,88640.40,0.100,c09105ef-348e-5263-9a10-06d7b6a7f1bf,501953117925,1766322179524
1766322179240,Buy,88640.50,0.038,a95c60c5-0b06-5407-a01c-1fccb80dda64,501953117735,1766322179524
1766322179240,Buy,88640.50,0.006,49689b65-d40e-59b6-a24f-f84cbcb8bdf2,501953117735,1766322179524
1766322179856,Buy,88640.50,0.014,efae6d5f-30d5-52e3-8913-a05bfef6a565,501953118604,1766322179943
1766322180739,Sell,88637.70,0.002,f8e4cd64-a7fe-50dc-ad98-69352bfcde02,501953120968,1766322180866
1766322180735,Sell,88639.80,0.001,382a6e76-02e6-54c3-a8c5-59fb7b184686,501953120767,1766322180866
1766322180735,Sell,88640.00,0.001,c3fb5c2d-3249-5e5f-ad29-63adb09f17f5,501953120767,1766322180866
1766322180735,Sell,88640.30,0.001,865644ca-20a3-5889-b011-4095b534f96f,501953120767,1766322180866
1766322180735,Sell,88640.40,0.001,ec4fee2e-6d45-508f-ac2c-d540ce3f54be,501953120767,1766322180866
1766322180735,Sell,88640.40,0.012,302056f7-6701-53a5-a13b-1a55a4e1254f,501953120767,1766322180866
1766322180735,Sell,88640.40,0.010,b1b1cf28-a1ab-566b-b2c9-0467b15c8c44,501953120767,1766322180866
1766322180735,Sell,88640.40,0.014,d4271dc3-d625-5493-9b8d-9469defe36cc,501953120767,1766322180866
1766322180735,Sell,88640.40,0.001,31b687fc-b557-5620-af1f-e9e351b69fed,501953120767,1766322180866
1766322180735,Sell,88640.40,0.001,a1b6f6e6-a728-5f3f-a0d1-be806d125bc9,501953120767,1766322180866
1766322180735,Sell,88640.40,0.001,d939af24-cf13-50fb-b044-7d560f7a4c5a,501953120767,1766322180866
1766322180647,Buy,88640.50,0.011,d20671bc-d009-57c3-b0f9-cb921208ff0d,501953120270,1766322180866
1766322180485,Sell,88640.40,0.013,85b55921-9ebc-571d-bd4d-aad692df975d,501953119498,1766322180866
1766322180843,Sell,88637.60,0.001,b2d4b74f-a653-5102-9b8f-75d33c278fba,501953124858,1766322181062
1766322180843,Sell,88637.60,0.015,5ab2c696-573b-53f5-8534-5cfc8ca794c6,501953124858,1766322181062
1766322181420,Sell,88632.30,0.014,3218bb4d-9be3-5123-80ce-22dc728da93e,501953135927,1766322181686
1766322181420,Sell,88632.30,0.037,cff1642b-a70c-5884-b041-5a012bf52000,501953135927,1766322181686
1766322181420,Sell,88632.30,0.004,0da2c7a7-f4bb-520f-8595-a0949e07302d,501953135927,1766322181686
1766322181415,Buy,88632.40,0.001,94361327-5d59-5e92-9e30-42ef09ce6070,501953135890,1766322181686
1766322181331,Sell,88633.90,0.001,f02fbf05-6534-5bb9-bcdb-2d018e1c0766,501953133857,1766322181686
1766322181327,Sell,88635.10,0.002,1ccbd944-45c2-53f5-b8bd-049ca2203abf,501953133647,1766322181686
1766322181327,Sell,88635.20,0.001,306953f5-bb45-55ff-b63a-3c8f24a98318,501953133647,1766322181686
1766322181327,Sell,88635.20,0.001,9210c746-1ff7-5414-b5a0-3cca1474bfc8,501953133647,1766322181686
1766322181327,Sell,88635.20,0.001,fe05746e-6f4d-5dd6-9fbd-f5e9b40a0dbf,501953133647,1766322181686
1766322181327,Sell,88635.20,0.011,b7899613-385c-5a68-ac13-4a540b1f9795,501953133647,1766322181686
1766322181689,Sell,88631.80,0.002,ff791f97-5113-5386-94b3-06e15ea86099,501953137248,1766322181857
1766322181689,Sell,88631.90,0.001,4343038f-3531-55e9-be50-a12c428a3db7,501953137248,1766322181857
1766322181689,Sell,88632.00,0.001,8356795c-284c-531b-ba8d-465a89b1be45,501953137248,1766322181857
1766322181689,Sell,88632.30,0.001,81c54284-51bd-5740-974b-8e1b9cadf35b,501953137248,1766322181857
1766322181689,Sell,88632.30,0.001,817f4408-dabb-55a5-8651-b6943f8399e3,501953137248,1766322181857
1766322182036,Buy,88631.40,0.027,05eac6a3-2e2f-5d3f-ba3f-04da64e951d3,501953143646,1766322182092
1766322182036,Buy,88631.40,0.396,e86ae139-9871-51fb-bafb-d20043799edd,501953143646,1766322182092
1766322182036,Buy,88631.40,0.113,756ac470-dd34-5d0c-844d-80a4161de02a,501953143646,1766322182092
1766322182036,Buy,88631.40,0.091,8b6644a7-eb3a-5302-83e9-2eb7c539326c,501953143646,1766322182092
1766322182443,Sell,88631.30,0.001,72622989-2309-5042-9b24-3e520bdfdcba,501953144414,1766322182579
1766322182412,Buy,88631.40,0.020,0b1fdff5-9a20-56a3-aa05-cbd529a9e295,501953144323,1766322182579
1766322183398,Sell,88631.30,0.001,3a3d19ee-7817-522e-8ea6-db7a16173e3d,501953146665,1766322183477
1766322183321,Buy,88631.40,0.003,64dbc57b-ec08-58a3-92c3-83bfb071ad1a,501953146527,1766322183477
1766322183844,Buy,88631.40,0.050,479ee2a5-e44a-536b-a17f-2b172e5e3f78,501953147369,1766322184122
1766322184581,Sell,88631.30,0.009,26d0bf48-46b0-5e99-96b6-e2c4fc35f068,501953149104,1766322184620
1766322184887,Sell,88630.00,0.028,2a7198f0-99ba-5225-9bc0-a2a002161357,501953149911,1766322184969
1766322184887,Sell,88630.10,0.004,0a75b8db-57a9-556f-805e-a6f0e7ec48b3,501953149911,1766322184969
1766322184887,Sell,88630.10,0.001,b9160c33-c186-5655-8343-3402f53babd6,501953149911,1766322184969
1766322184887,Sell,88630.20,0.004,8186ac3e-c573-56ab-a1a7-0c878368a967,501953149911,1766322184969
1766322184887,Sell,88630.30,0.004,e6f75451-8ce0-5b4a-8451-77be7d8ba06f,501953149911,1766322184969
1766322184887,Sell,88630.30,0.004,8946c188-6365-569d-88f4-853ba6fb3af4,501953149911,1766322184969
1766322184887,Sell,88630.40,0.014,a1bf0052-6844-537f-84dd-00dd1495cdf2,501953149910,1766322184969
1766322184887,Sell,88631.30,0.024,add49cf8-f28a-55f3-b371-27b6d12466ba,501953149904,1766322184969
1766322184887,Sell,88631.30,0.003,2c2518f7-8460-59bb-b98f-753e52a0b133,501953149895,1766322184969
1766322184887,Sell,88631.30,0.010,8b7da2c0-a1b4-5003-a2da-430a11debb7d,501953149895,1766322184969
1766322184887,Sell,88631.30,0.014,65bbb4e0-847a-5af0-86e5-2d33001078bc,501953149895,1766322184969
1766322184887,Sell,88631.30,0.002,a8d9e5f4-5203-5820-b623-3afead1df4d7,501953149895,1766322184969
1766322184887,Sell,88631.30,0.013,2dfe7bbe-79a8-5b1f-93d0-340357950490,501953149895,1766322184969
1766322184887,Sell,88631.30,0.001,6aa29407-4c8d-5891-b421-93ea0484a3d9,501953149895,1766322184969
1766322184887,Sell,88631.30,0.001,88cc2f22-0430-5a7c-b159-bf74c968b8aa,501953149895,1766322184969
1766322184887,Sell,88631.30,0.001,8edd0c2b-2575-5788-acc2-2c1972b35be2,501953149895,1766322184969
1766322185369,Sell,88630.00,0.010,1de204c0-6339-5ad9-ac74-f5f46858eead,501953156758,1766322185627
1766322185630,Sell,88628.60,0.004,13aa0e19-2466-59ff-a98d-de9f9aefcbf5,501953158148,1766322185792
1766322185630,Sell,88628.60,0.002,e4b6f983-886a-512b-b3f8-3409b9359172,501953158148,1766322185792
1766322185627,Sell,88629.80,0.002,d51ecf3f-c2f3-523f-bfc1-b61796452317,501953158049,1766322185792
1766322185627,Sell,88629.90,0.004,d36983c7-afc6-5167-90e5-6281dfb1472e,501953158049,1766322185792
1766322185627,Sell,88630.00,0.001,2a6d11ed-81b8-5574-bf74-0b9d3a00a1b7,501953158049,1766322185792
1766322185627,Sell,88630.00,0.001,65d2c177-7ba0-568f-9cc2-8779aae39200,501953158049,1766322185792
1766322185627,Sell,88630.00,0.001,25f07168-ad5a-5165-be91-a52ae5ddd0c9,501953158049,1766322185792
1766322185627,Sell,88630.00,0.001,e0d150b3-3564-5a73-b5f3-c057bda61f85,501953158049,1766322185792
1766322185627,Sell,88630.00,0.004,d1df2b59-53a6-5e1c-a9b3-49b2475aa368,501953158049,1766322185792
1766322185627,Sell,88630.00,0.012,6428063b-aa12-5673-8e17-e257c16a3679,501953158049,1766322185792
1766322185617,Buy,88630.10,0.002,79df9d4c-98ac-5e53-95bb-b6bb655ac4cb,501953157840,1766322185792
1766322186541,Buy,88628.60,0.001,85df5b60-46f6-5dad-b06d-bff4e491cbae,501953168030,1766322186684
1766322186633,Buy,88628.60,0.011,9705007b-e824-5fdc-a7fb-c001affe39fa,501953168204,1766322186868
1766322186633,Buy,88628.60,0.017,d39eb5cd-05dc-5675-8f70-76cb99576146,501953168204,1766322186868
1766322186633,Buy,88628.60,0.002,d9c23514-3b20-57c1-a865-1ecad5518eaa,501953168204,1766322186868
1766322187039,Sell,88628.50,0.001,12b0bf5b-fa06-58cd-9e21-543bbb619b94,501953169628,1766322187187
1766322189290,Buy,88628.60,0.065,9a4be254-31fc-56e6-a6d1-b361220b7f19,501953177053,1766322189324
1766322189909,Sell,88628.50,0.001,1316c9be-82ec-5de3-ad8c-6d35c258a8e5,501953178143,1766322190142
1766322191346,Sell,88628.50,0.004,a1a628d8-bc6e-53c4-98bd-f481d23f8a63,501953179936,1766322191634
1766322191346,Sell,88628.50,0.002,ab1f8982-e055-55ef-bf96-067aadf486be,501953179936,1766322191634
1766322194282,Buy,88628.60,0.015,8db9e012-0528-5040-a9d1-7eea3107ba5b,501953182694,1766322194529
1766322194492,Buy,88628.60,0.056,bf58a844-0683-5ba0-85a2-e8439e6bbd5d,501953182956,1766322194773
1766322195166,Buy,88628.60,0.018,9812bd6b-6786-5a25-ad3d-bb931cfacbc8,501953184577,1766322195369
1766322195061,Buy,88628.60,0.055,84530a8d-7f97-5c0f-a571-3ed43344f7fa,501953183880,1766322195369
1766322195933,Sell,88624.80,0.003,7b72f726-c057-539d-b43d-a3e76a1da3d9,501953189234,1766322195995
1766322195918,Sell,88625.20,0.004,810181c9-e79b-5623-b459-2d455ff9c5a2,501953187125,1766322195995
1766322195918,Sell,88625.30,0.001,219b9627-d48c-5c38-8baa-dc09845744d0,501953187125,1766322195995
1766322195913,Sell,88625.30,0.028,377ef329-0e97-567a-9bbd-74e96c12c6f9,501953186620,1766322195995
1766322195913,Sell,88625.30,0.004,8c839b9d-76be-5fe8-8d61-ac4f3c647f31,501953186620,1766322195995
1766322195913,Sell,88625.40,0.004,31d1424d-a50c-54ea-b2d5-6217dd34ebdf,501953186620,1766322195995
1766322195913,Sell,88625.50,0.004,46f1606d-77a1-5329-a895-c599b9e7c8d0,501953186620,1766322195995
1766322195913,Sell,88625.50,0.004,8125f803-73a6-5dba-9413-8f10cbde684d,501953186620,1766322195995
1766322195913,Sell,88625.50,0.004,547884e4-8b34-5781-9e3e-1740dff6306e,501953186620,1766322195995
1766322195913,Sell,88625.50,0.004,30d92742-e6f3-5780-bb79-fd8237054c21,501953186620,1766322195995
1766322195913,Sell,88625.50,0.004,c6a0ea6a-b392-5d7f-84c8-2aa352dc0f13,501953186620,1766322195995
1766322195913,Sell,88625.70,0.004,9a897066-b2aa-5c1c-aced-ebbfb47670fe,501953186620,1766322195995
1766322195913,Sell,88625.80,0.004,2537dd7e-3dcb-5357-abbd-ae0d15af9a59,501953186620,1766322195995
1766322195913,Sell,88626.00,0.004,b0c529f8-f637-540e-8811-cf61f77bb3f5,501953186620,1766322195995
1766322195913,Sell,88626.00,0.004,fe7d49f6-9f64-51c1-aed3-a2e55ba3cc67,501953186620,1766322195995
1766322195913,Sell,88626.20,0.004,39e23a10-a6f9-59fd-82d1-2dc25f337a69,501953186620,1766322195995
1766322195913,Sell,88626.30,0.004,34a16ae8-695e-577b-bcd5-7bfc9ffa12ff,501953186620,1766322195995
1766322195913,Sell,88626.30,0.001,30dcad1f-f5ae-597b-b6b9-adb573d2a1f0,501953186620,1766322195995
1766322195913,Sell,88626.40,0.004,996df2e9-e410-535e-9b90-a50ebe1b8974,501953186620,1766322195995
1766322195913,Sell,88626.50,0.004,522562e7-6d02-52ac-bf34-2ec882c29c72,501953186619,1766322195995
1766322195913,Sell,88626.80,0.004,a8c19a35-50c1-5f75-af92-2f5a05041f3d,501953186616,1766322195995
1766322195913,Sell,88626.80,0.004,42bc5d5f-b8b3-5846-9635-d62cd46ea28f,501953186616,1766322195995
1766322195913,Sell,88627.20,0.004,0ac5b98a-1538-5e0c-98af-00c7c3981c7d,501953186616,1766322195995
1766322195913,Sell,88627.60,0.004,84913da1-8134-5333-b2c4-5c0677ffc0c3,501953186616,1766322195995
1766322195913,Sell,88627.60,0.004,ba1c6be7-c531-559b-852c-f8be5891ac10,501953186616,1766322195995
1766322195913,Sell,88627.60,0.004,d7522aa5-da21-51a3-b2a0-8b1396f72b9c,501953186616,1766322195995
1766322195913,Sell,88627.60,0.001,74a801f4-5528-5d74-a093-1ac33e4ba0f7,501953186616,1766322195995
1766322195912,Sell,88627.60,0.003,e2bffdf0-2f8e-52d1-b3e9-6fb77bd50825,501953186613,1766322195995
1766322195912,Sell,88627.80,0.003,b7bb0d78-745b-5fdc-867b-142c16aed793,501953186606,1766322195995
1766322195912,Sell,88627.90,0.004,b06a8b80-cfea-57f7-ad4e-8fe0a4dcf5a2,501953186606,1766322195995
1766322195912,Sell,88627.90,0.004,ed8340be-613a-5d11-b2b8-57f9a620514a,501953186606,1766322195995
1766322195912,Sell,88627.90,0.004,a4beeffe-5f12-54ba-8322-4cd1a0062aa4,501953186606,1766322195995
1766322195911,Sell,88627.90,0.004,77544fe1-33be-5ae8-b41d-8b124cd3950e,501953186604,1766322195995
1766322195911,Sell,88628.00,0.004,bd23f13d-a1bd-500c-bb38-abf84477d94c,501953186604,1766322195995
1766322195911,Sell,88628.00,0.004,836bdf13-c808-56bd-a22e-61bdd46829f2,501953186604,1766322195995
1766322195911,Sell,88628.00,0.004,f502b45e-f48f-570b-bbf9-35a5c7d38430,501953186604,1766322195995
1766322195911,Sell,88628.10,0.004,ee9ae7cf-7fce-5795-911d-b582964c4790,501953186604,1766322195995
1766322195911,Sell,88628.10,0.004,3c3e5323-610a-53c9-865b-1fd76cbc4292,501953186604,1766322195995
1766322195911,Sell,88628.10,0.004,df242122-7110-583a-bf7e-a7789086a811,501953186604,1766322195995
1766322195911,Sell,88628.20,0.004,311a47fd-b2a4-5edd-9029-481c73418445,501953186604,1766322195995
1766322195911,Sell,88628.20,0.004,97269f9f-8abd-5f4e-890e-d2a0fc0a5bf0,501953186604,1766322195995
1766322195911,Sell,88628.20,0.004,b4d647b0-ef85-587b-a5c0-a70a1824eb84,501953186604,1766322195995
1766322195911,Sell,88628.20,0.001,f993b3ae-e714-56aa-b9ab-d617c80b3906,501953186604,1766322195995
1766322195911,Sell,88628.30,0.004,4e66741f-1500-5241-b70b-1436d02d6bf6,501953186604,1766322195995
1766322195911,Sell,88628.30,0.004,9efecf21-de54-52bb-8594-5428a0b158bd,501953186604,1766322195995
1766322195911,Sell,88628.40,0.004,8c35c507-a1fa-5907-bc4b-1b90484114e8,501953186604,1766322195995
1766322195911,Sell,88628.40,0.004,ef5dbdb8-8e17-548e-939b-8748c9f103b6,501953186604,1766322195995
1766322195911,Sell,88628.50,0.023,ee7d7dc2-4fc5-5f98-8382-15a92cdfb5df,501953186604,1766322195995
1766322195911,Sell,88628.50,0.009,54387e72-3ad6-5cd9-9aea-88f763b350f1,501953186604,1766322195995
1766322195911,Sell,88628.50,0.009,d38ea22e-81a1-5273-90b2-bee826cd6405,501953186604,1766322195995
1766322195911,Sell,88628.50,0.007,80b519b6-ae6e-5079-b9b9-210eccea77a3,501953186604,1766322195995
1766322195911,Sell,88628.50,0.018,7b0c5e34-70ba-55b6-a0d2-0ab01836dd15,501953186604,1766322195995
1766322195911,Sell,88628.50,0.013,f5b49b81-b85e-531a-b16e-2e742a5af563,501953186604,1766322195995
1766322195911,Sell,88628.50,0.112,04c4cc18-7138-5639-9905-6a6e60585adb,501953186604,1766322195995
1766322195911,Sell,88628.50,0.001,9357ae7b-f3aa-5f52-aca1-541c6335c26b,501953186604,1766322195995
1766322195911,Sell,88628.50,0.002,37abbe1f-9b15-52f6-8b56-8997d538682f,501953186604,1766322195995
1766322195911,Sell,88628.50,0.002,fa45d49a-5610-5b06-a6aa-380b6caa100e,501953186604,1766322195995
1766322195911,Sell,88628.50,0.016,cf9f78b7-8b91-5a86-967f-a876265b17bd,501953186604,1766322195995
1766322195911,Sell,88628.50,0.001,240ce3e5-5eed-55fb-af8e-724212466874,501953186604,1766322195995
1766322195911,Sell,88628.50,0.001,263366b1-0dd9-54e7-8405-748de61e90d8,501953186604,1766322195995
1766322195911,Sell,88628.50,0.001,be147d83-64a4-5491-bafc-d0700007ddcb,501953186604,1766322195995
1766322195911,Sell,88628.50,0.004,d5f835dc-5804-5c0c-8c66-e5a1473bad01,501953186604,1766322195995
1766322195978,Sell,88621.10,0.007,42443b4c-3d90-5119-883e-947f76867e6f,501953192453,1766322196169
1766322195964,Sell,88621.70,0.003,cf1f07a7-ca00-5d4c-9d60-868c6d927aa2,501953191411,1766322196169
1766322195964,Sell,88622.20,0.001,ed2467c0-e72c-5f0d-aa8c-d08193688e40,501953191411,1766322196169
1766322195960,Sell,88622.70,0.002,168e31c8-cb15-526f-bd51-a990ea5a141c,501953191171,1766322196169
1766322195960,Sell,88623.00,0.001,8038cf89-a424-5424-82bb-aa87b0f6698c,501953191171,1766322196169
1766322195960,Sell,88623.60,0.001,d485875f-5add-5fc0-8795-7d75d7f9553d,501953191171,1766322196169
1766322195960,Sell,88623.60,0.002,92a68eec-1dad-5169-bede-fd95eddd2ec8,501953191156,1766322196169
1766322195949,Sell,88624.00,0.003,8382142f-08ff-53aa-8c47-935dcbfdcc9b,501953190285,1766322196169
1766322195949,Sell,88624.00,0.001,38dd0e90-df24-5dde-b7a6-0b4ceb288c53,501953190285,1766322196169
1766322195949,Sell,88624.10,0.004,97466d77-61bd-5865-86b0-4840162e967c,501953190285,1766322196169
1766322195945,Sell,88624.50,0.002,f601fdda-50f5-5698-9c18-ca667a8a2cb4,501953190033,1766322196169
1766322197499,Sell,88620.10,0.001,9be454d2-601e-5e04-8a99-cc0ad89fd9a7,501953202914,1766322197493
1766322197499,Sell,88620.10,0.001,bf4fc21b-ee72-598b-a860-82cbb314c7e4,501953202914,1766322197493
1766322197492,Sell,88620.70,0.001,fc25caa5-0b2d-5f7d-b7f7-712b478b176a,501953202355,1766322197493
1766322197492,Sell,88620.80,0.004,7c7afaed-4f22-5e4d-bd19-6e536565073a,501953202355,1766322197493
1766322197492,Sell,88621.10,0.011,d9a1079e-71b9-5453-bd2c-673e81613999,501953202355,1766322197493
1766322197492,Sell,88621.10,0.010,1c78ac0a-7f3e-5cc4-9a10-142e367c4fa1,501953202355,1766322197493
1766322197492,Sell,88621.10,0.001,60dd697c-807c-5fa7-87ae-c74593af4eb5,501953202355,1766322197493
1766322197492,Sell,88621.10,0.001,2dc49fb2-05c3-5d2f-9eaa-140f02711c23,501953202355,1766322197493
1766322197492,Sell,88621.10,0.001,22508dc6-4aec-5d3e-941c-c042720e7f9b,501953202355,1766322197493
1766322197522,Sell,88619.20,0.002,15a53d18-4fef-521a-ac9d-9f5bde28be45,501953203948,1766322197739
1766322197522,Sell,88619.30,0.003,28bd10cb-2213-5ce8-a38a-99d28c8d6ce0,501953203948,1766322197739
1766322197518,Sell,88620.00,0.001,b325a4b7-7e5b-5815-9185-e329aa0da28c,501953203798,1766322197739
1766322197518,Sell,88620.00,0.003,d037b390-0654-5ebe-8acd-2c0945adb904,501953203798,1766322197739
1766322197518,Sell,88620.00,0.180,36873c2b-ca21-5b5d-af08-3c57d170d043,501953203798,1766322197739
1766322197518,Sell,88620.00,0.001,2c2251fc-be11-53e3-9062-2ebfa304b1ce,501953203798,1766322197739
1766322197518,Sell,88620.00,0.001,44ba1919-d916-5bc6-9165-8e7120ed5bba,501953203798,1766322197739
1766322199223,Sell,88619.10,0.024,20f1bcb8-11d2-5339-9d2a-864e9b6d7230,501953221354,1766322199807
1766322199223,Sell,88619.10,0.001,79c2aa13-55e3-54ac-98ec-39a4ec86f65c,501953221354,1766322199807
1766322199223,Sell,88619.10,0.007,b66f70df-f640-50f6-bd84-38448c93f4f3,501953221354,1766322199807
1766322199817,Sell,88619.10,0.002,b5460d50-cc74-56ba-a893-f8bee07d9853,501953224851,1766322200042
1766322201065,Buy,88619.20,0.001,d119160a-9f8b-5ec0-9f8c-bd3708bf80bd,501953229078,1766322201449
1766322200849,Buy,88619.20,0.011,27018b54-2d3d-5277-b655-b6035d784cd8,501953228679,1766322201449
1766322200781,Sell,88619.10,0.001,7f5a4bbe-98f6-5992-a5d6-24be34baa0a0,501953228467,1766322201449
1766322201316,Buy,88619.20,0.005,d6d2aaf7-4a75-5f20-b3aa-d96bc9e8af4f,501953229407,1766322201840
1766322201316,Buy,88619.20,0.027,9235040c-a223-59e4-9d64-26a6491d5286,501953229407,1766322201840
1766322202435,Sell,88614.30,0.001,d417a18e-bb14-5e78-9bdd-abca2d571a82,501953235163,1766322202662
1766322202435,Sell,88614.90,0.013,b8e757ae-8840-527b-b9c7-b00df271266f,501953235163,1766322202662
1766322202435,Sell,88615.00,0.145,e3904fe0-fff0-5021-ae4c-f5dbebf198a9,501953235163,1766322202662
1766322202434,Sell,88615.10,0.003,dbd114a9-5d7e-5fa3-bb69-1edecc950a30,501953234892,1766322202662
1766322202434,Sell,88615.10,0.003,62086e84-b832-55eb-bdd7-5c930a717ed4,501953234892,1766322202662
1766322202429,Sell,88616.00,0.001,136829a6-8b7c-5e0d-a353-c9ec269956d7,501953234406,1766322202662
1766322202429,Sell,88616.00,0.001,e813111b-c228-5a1a-8e77-264e85bea0b2,501953234406,1766322202662
1766322202429,Sell,88616.00,0.001,6d281ea1-0ba0-5259-aca7-32ccf9a5bdb0,501953234406,1766322202662
1766322202429,Sell,88616.50,0.002,16704d52-2b6f-54b4-b0d5-82393b03026a,501953234406,1766322202662
1766322202429,Sell,88616.90,0.010,4d21550d-a062-530d-bca6-246ce50d1767,501953234406,1766322202662
1766322202423,Sell,88618.30,0.012,cd1afff1-45e6-51e3-9286-733339239e64,501953233576,1766322202662
1766322202422,Sell,88618.30,0.003,d90d14a5-b0d5-502d-bacb-3c6dd737b804,501953233543,1766322202662
1766322202419,Sell,88618.30,0.003,445e3562-8f11-5728-8b08-40f035ce7a0a,501953233257,1766322202662
1766322202419,Sell,88618.30,0.003,295dc74b-6ab8-5c06-a76f-c1a606f0b12a,501953233245,1766322202662
1766322202419,Sell,88618.30,0.003,779191bc-9f9e-547e-bcdd-51bb854e7daa,501953233238,1766322202662
1766322202418,Sell,88618.30,0.003,36a07209-e7e6-5f21-aa59-20406ff56fb4,501953233199,1766322202662
1766322202415,Sell,88618.40,0.007,27f6819b-f312-57aa-a968-299ee5a20629,501953232704,1766322202662
1766322202411,Sell,88618.40,0.001,5ebdc53e-9661-58d1-8036-2132b78d4672,501953232334,1766322202662
1766322202411,Sell,88618.40,0.006,83bc2b6a-8289-52e5-86c0-a2d695876366,501953232328,1766322202662
1766322202411,Sell,88618.40,0.007,dfa2a770-1652-5dea-ad21-d6e74b523125,501953232328,1766322202662
1766322202411,Sell,88618.50,0.007,7219c073-1807-570e-8510-ce7776d3ca76,501953232328,1766322202662
1766322202411,Sell,88618.50,0.007,d925e514-5695-5724-a5ff-db779634f18b,501953232328,1766322202662
1766322202411,Sell,88618.50,0.003,63fdbc20-5a8c-5f23-b35f-70c33074a2fa,501953232328,1766322202662
1766322202410,Sell,88618.60,0.003,823b92aa-16db-5f9d-b994-33bd34f88997,501953232307,1766322202662
1766322202410,Sell,88618.60,0.002,edf03848-290e-5ddd-bcf9-ed9786f8f5aa,501953232307,1766322202662
1766322202410,Sell,88618.60,0.001,edb67238-5c6d-5bdf-ba24-ac8873307f57,501953232299,1766322202662
1766322202410,Sell,88618.80,0.003,6752ae05-2855-5e71-b97f-d5e7a2c6d3f5,501953232299,1766322202662
1766322202410,Sell,88618.80,0.010,10b305a9-7562-5bf1-912c-8ab8523b60df,501953232299,1766322202662
1766322202410,Sell,88618.80,0.010,cb05974d-cb83-5aff-b1ac-1f4692a6c18d,501953232299,1766322202662
1766322202410,Sell,88618.90,0.001,79bcb5e4-da9d-593a-b31e-9f9ffaaca1d2,501953232299,1766322202662
1766322202410,Sell,88618.90,0.007,16bbec15-3112-5804-a61d-e18021bf0c5a,501953232299,1766322202662
1766322202410,Sell,88619.00,0.007,94cdac70-2d2c-5be1-af2a-07144d3215f2,501953232299,1766322202662
1766322202410,Sell,88619.10,0.014,b00ec94c-0291-5794-acaa-759300d0e4ab,501953232294,1766322202662
1766322202410,Sell,88619.10,0.087,9a86de79-6f30-5be5-8c8d-9b61281e4c2b,501953232294,1766322202662
1766322202410,Sell,88619.10,0.025,a6eb23ec-2587-5f72-8406-bc07181ba173,501953232288,1766322202662
1766322202410,Sell,88619.10,0.001,b20648c4-0bd6-511a-b157-65d902255dd2,501953232288,1766322202662
1766322202410,Sell,88619.10,0.001,49429d4c-46bc-505f-9722-a882b9b4ccef,501953232288,1766322202662
1766322202040,Buy,88619.20,0.065,870c9d77-8d44-5bda-8ad5-6405a489590c,501953231363,1766322202662
1766322202040,Buy,88619.20,0.037,6944f669-1699-524b-98f7-45a3011c2b97,501953231363,1766322202662
1766322202473,Sell,88611.80,0.001,d77f740a-d4d9-5a83-aace-43266edabdec,501953238670,1766322202817
1766322202473,Sell,88611.90,0.001,db0e602b-32d7-5cc9-af18-16dc8a27ab85,501953238670,1766322202817
1766322202470,Sell,88612.00,0.001,ff66acd2-0c33-5513-a7d6-a40f32f7d449,501953238487,1766322202817
1766322202469,Sell,88612.30,0.004,59cc3b6b-27a0-5898-98d6-8a4d57b642f7,501953238465,1766322202817
1766322202469,Sell,88612.40,0.001,9b2b75db-ca0f-5e82-8f1b-e4eb0c2e62af,501953238465,1766322202817
1766322202469,Sell,88612.40,0.003,41353369-cdaf-58e7-bbb5-be839bbfaa60,501953238465,1766322202817
1766322202469,Sell,88612.40,0.003,101c41ce-b981-5a13-8e42-d64ff7a1aee1,501953238465,1766322202817
1766322202461,Sell,88612.90,0.004,9891ddef-e3f9-5d28-a81f-b6f2ae16ae6c,501953237720,1766322202817
1766322202456,Sell,88613.00,0.004,8dc14d8c-a32c-573b-a87a-87e3653cc5ec,501953237379,1766322202817
1766322202456,Sell,88613.00,0.004,c1ba51ef-8c70-523f-b6b7-53c944508c2c,501953237379,1766322202817
1766322202456,Sell,88613.00,0.004,daec4aa9-2edf-5ef2-b6b2-b2c5f7f3bd52,501953237379,1766322202817
1766322202456,Sell,88613.10,0.004,ffb2b73b-2f84-506a-a62a-9dcae1431fb3,501953237379,1766322202817
1766322202456,Sell,88613.10,0.004,b0730999-9eb1-5b2f-b485-171c6394b0a2,501953237379,1766322202817
1766322202456,Sell,88613.20,0.004,a00e9e89-dc42-5d5e-a460-8914039a7984,501953237379,1766322202817
1766322202456,Sell,88613.20,0.004,ce003a69-8197-56f7-af6d-76da4a8cbfa3,501953237379,1766322202817
1766322202455,Sell,88613.30,0.004,0d080984-4856-54fb-ac66-a628b96d76d0,501953237225,1766322202817
1766322202455,Sell,88613.30,0.004,bd9cc888-8774-55bc-bf2b-933df9a6f8ab,501953237225,1766322202817
1766322202451,Sell,88613.40,0.004,77c01e8d-498a-5c2f-9cbc-9e6c7a1f6301,501953236901,1766322202817
1766322202451,Sell,88613.60,0.001,1854faa9-582c-5c57-95ea-175e6b44c735,501953236901,1766322202817
1766322202451,Sell,88613.80,0.001,78d42853-7996-58b4-9366-f5f6b9f61b01,501953236901,1766322202817
1766322202451,Sell,88613.90,0.001,8de69452-fc09-5704-a7e7-817c39b5c6ba,501953236901,1766322202817
1766322202451,Sell,88613.90,0.015,5d066bbd-53e3-5667-89fc-bb4c3ba509da,501953236901,1766322202817
1766322202451,Sell,88613.90,0.012,aff5b33d-e620-5dfb-b49b-f5c9cb14096e,501953236901,1766322202817
1766322202441,Sell,88614.00,0.001,24ab63a5-98ed-5d36-871f-3ea33395ed15,501953235936,1766322202817
1766322202441,Sell,88614.20,0.001,94be13e9-ead2-5f90-a8d3-b6f1a5210b42,501953235936,1766322202817
1766322204500,Sell,88611.70,0.051,d3e8ef52-450a-5ddd-a666-7725832f6787,501953245104,1766322204805
1766322204500,Sell,88611.70,0.001,bb5b8899-7954-527b-856f-2115c2d0a1cd,501953245104,1766322204805
1766322204500,Sell,88611.70,0.001,9eb69571-4f79-5c69-9e97-0ca3ec607502,501953245104,1766322204805
1766322204500,Sell,88611.70,0.002,2bdce269-6a3a-59a9-8b15-6a7648f43bfc,501953245104,1766322204805
1766322203916,Sell,88611.70,0.002,a1ef8301-7f14-5ab2-8876-c05af2a684cd,501953244635,1766322204805
1766322203916,Sell,88611.70,0.004,20734ac4-5634-5bfa-812b-06b9ef21f111,501953244635,1766322204805
1766322203916,Sell,88611.70,0.004,6d2d78d1-d170-528c-9a81-d8dd18d4370e,501953244635,1766322204805
1766322205131,Sell,88611.70,0.003,e4e4b908-0c24-5f6e-ad08-da57ece9da11,501953248005,1766322205422
1766322205543,Buy,88611.80,0.072,d6055694-136d-5fdb-9dec-42087207c6f5,501953248996,1766322205582
1766322205543,Buy,88611.80,0.011,473aee79-ff47-5ab8-bafc-7e17d7ab4ffb,501953248996,1766322205582
1766322205543,Buy,88611.80,0.112,d36009ff-bbc2-558e-aca3-feade9de287b,501953248996,1766322205582
1766322205543,Buy,88611.80,0.320,c4363fa3-1431-5351-9adc-e9fb46d07e69,501953248996,1766322205582
1766322206826,Buy,88611.80,0.001,ece2bcd8-36f5-5e6a-8256-1caf3fd57018,501953250398,1766322207049
1766322209280,Buy,88611.80,0.001,87e7ee0b-214a-5ffd-8826-3ed90f220c06,501953252381,1766322209529
1766322209546,Sell,88600.30,0.022,5c076d7b-6190-5ec1-8f9e-e72b229915c5,501953263884,1766322209761
1766322209543,Sell,88600.30,0.052,8832618d-8cd4-5964-9e34-190b970e945f,501953263832,1766322209761
1766322209543,Sell,88600.30,0.006,4a7a0cca-379c-59bf-a382-b25d179f67dd,501953263831,1766322209761
1766322209522,Sell,88600.30,0.005,5a4cdba6-25ad-52be-8308-4386d5f26222,501953261779,1766322209761
1766322209522,Sell,88600.30,0.005,3a49c04a-7be4-5dd6-8a1b-0057ab74910e,501953261762,1766322209761
1766322209521,Sell,88600.30,0.001,36d00c6a-9624-55b3-b78e-7f5ff9a9a441,501953261749,1766322209761
1766322209521,Sell,88602.50,0.001,68f6f5e0-7e2e-5347-8e2b-577d09e82da2,501953261749,1766322209761
1766322209521,Sell,88603.10,0.001,81b9f53a-b850-57ce-98d2-741a0fa46b7a,501953261749,1766322209761
1766322209521,Sell,88603.30,0.002,d8f2b8d0-3353-5a70-b39b-2bcaff48c34a,501953261749,1766322209761
1766322209521,Sell,88603.50,0.001,d4283235-2517-5af8-b04f-c773b11296dc,501953261732,1766322209761
1766322209521,Sell,88603.50,0.004,183b9bf1-99c7-52b5-a43e-a0452533d042,501953261732,1766322209761
1766322209521,Sell,88603.50,0.005,90a83901-72ad-5dff-a1fc-6f2f86625ef0,501953261725,1766322209761
1766322209521,Sell,88603.50,0.005,f00cabd6-54b4-59fb-b27c-9f96576e617c,501953261717,1766322209761
1766322209521,Sell,88603.50,0.005,742e36cc-1d20-5172-9c71-2436d3556d85,501953261713,1766322209761
1766322209520,Sell,88603.50,0.005,9c77e77e-1932-5619-93af-556256cf5c7f,501953261697,1766322209761
1766322209520,Sell,88603.50,0.005,f7c94a69-4e33-5b68-8a91-b585a0e05312,501953261684,1766322209761
1766322209520,Sell,88603.50,0.005,49db5a14-f5bc-5c90-97d6-54aaa622fd84,501953261683,1766322209761
1766322209520,Sell,88603.50,0.005,4d772b89-ef38-5ec1-9d92-a3516f536122,501953261682,1766322209761
1766322209520,Sell,88603.50,0.005,fafa1a3c-8c83-5a5b-87b5-b587dc379f6e,501953261680,1766322209761
1766322209500,Sell,88603.60,0.003,5b86cb7f-8356-54fe-8329-8add3039c862,501953260091,1766322209761
1766322209500,Sell,88604.00,0.001,be237494-b19d-5fa4-b4ed-a531f31775ad,501953260091,1766322209761
1766322209500,Sell,88605.00,0.001,76cb0a83-573c-5707-b63c-a09e1c5a8d1c,501953260091,1766322209761
1766322209500,Sell,88605.00,0.001,1c16ff37-d38d-5db9-a2f1-59861a9b4a6a,501953260091,1766322209761
1766322209500,Sell,88605.00,0.001,aa0c0fd2-9842-5cf6-8979-41bd03b5c588,501953260091,1766322209761
1766322209466,Sell,88605.00,0.001,b48c9354-b2d9-5312-b07a-4d557670caf1,501953259305,1766322209761
1766322209456,Sell,88605.00,0.067,9c6dbd5c-027d-555f-b23b-ae40c33ece54,501953258933,1766322209761
1766322209456,Sell,88605.00,0.001,3bab8032-7544-5743-94fe-dfadd96699d6,501953258933,1766322209761
1766322209414,Sell,88608.00,0.001,7ba3da98-808e-5b2a-8c2e-f8f50676a477,501953256370,1766322209761
1766322209414,Sell,88608.00,0.003,014eee16-8090-51f1-ac12-c79f16e2a690,501953256370,1766322209761
1766322209410,Sell,88608.00,0.013,3034b8a3-9e3a-5c57-8095-4ec1b5178377,501953256107,1766322209761
1766322209410,Sell,88608.20,0.041,fdb61265-f622-57e9-b606-1589be06ae24,501953256107,1766322209761
1766322209410,Sell,88608.50,0.015,8a28d261-870a-5b0f-9a3a-871a3aa4ad4d,501953256107,1766322209761
1766322209410,Sell,88608.50,0.113,317f6ed3-995b-57f3-a8ab-d2d6ad0a1219,501953256107,1766322209761
1766322209410,Sell,88608.80,0.016,d1df981f-cd86-5a93-a14e-70b88c7bd948,501953256107,1766322209761
1766322209410,Sell,88608.80,0.016,ef1d9b2c-e7a0-514b-ad95-7491b747b959,501953256107,1766322209761
1766322209410,Sell,88608.80,0.021,5b0da149-41cc-5446-8394-a04a53056b46,501953256107,1766322209761
1766322209393,Sell,88609.10,0.003,2fcd0f27-28b0-547d-8630-5b6e6cecb699,501953253618,1766322209761
1766322209393,Sell,88609.10,0.003,1b1ea6a1-37f0-572a-bc35-fc758866cf9c,501953253618,1766322209761
1766322209388,Sell,88609.10,0.007,1679534e-eeef-5755-a494-8e55f6f9f4b4,501953253244,1766322209761
1766322209388,Sell,88609.10,0.007,35c12802-6bb2-5852-a7e2-4e9d27123d5b,501953253244,1766322209761
1766322209388,Sell,88609.10,0.007,dad38783-9076-5e34-ab80-eb5df49c29a9,501953253244,1766322209761
1766322209388,Sell,88609.10,0.007,e51a4441-d25b-5238-9a0f-7f41b6e0dcae,501953253244,1766322209761
1766322209388,Sell,88609.30,0.001,406997f5-17d9-5a62-bc5d-5a2f04260542,501953253244,1766322209761
1766322209388,Sell,88610.00,0.004,bd57cbeb-49da-598c-ba09-d46846e551bb,501953253244,1766322209761
1766322209388,Sell,88610.10,0.004,b3186b77-b634-5168-9a4e-548fecbc0ae4,501953253244,1766322209761
1766322209388,Sell,88610.10,0.004,f0797416-3d01-5225-94bd-519f2fe15d75,501953253244,1766322209761
1766322209388,Sell,88610.10,0.004,5f4036c4-1032-506a-a941-ceabbf6e084e,501953253244,1766322209761
1766322209388,Sell,88610.10,0.004,170e15cb-4357-5424-a061-0e608fa4d3a2,501953253244,1766322209761
1766322209388,Sell,88610.20,0.004,8661d0c5-2717-5fee-880f-f6c016872b89,501953253244,1766322209761
1766322209388,Sell,88610.30,0.001,d54ec1da-dc0f-5228-8019-27c10037759e,501953253244,1766322209761
1766322209388,Sell,88610.30,0.002,1aa7fb3e-9695-578e-84ed-47599993f69a,501953253244,1766322209761
1766322209388,Sell,88610.30,0.004,73f245f7-c5ba-50ba-a097-bdcea13403da,501953253244,1766322209761
1766322209379,Sell,88611.30,0.004,045c4812-c484-5fdb-9025-02877620e1f5,501953252637,1766322209761
1766322209379,Sell,88611.30,0.004,0cc8ab94-1e2c-5fa3-b10b-70a41bf2871c,501953252637,1766322209761
1766322209379,Sell,88611.60,0.001,adfd86cd-b6fe-5f33-b76e-b9104abdde70,501953252637,1766322209761
1766322209379,Sell,88611.70,0.003,09c202fb-a0d8-5688-9e89-dac3c6512718,501953252637,1766322209761
1766322209379,Sell,88611.70,0.015,65dd2c63-806f-51e2-9891-6007546f4c13,501953252637,1766322209761
1766322209379,Sell,88611.70,0.080,a41b2652-e598-57bb-b18b-61dfe68493b4,501953252637,1766322209761
1766322209379,Sell,88611.70,0.093,d1005a97-8047-50db-ae26-0c477e8cd6eb,501953252637,1766322209761
1766322209379,Sell,88611.70,0.053,236f7ac1-3bd6-551b-b12d-b14eb6a9d292,501953252637,1766322209761
1766322209379,Sell,88611.70,0.490,66393e6c-2351-5af1-beba-44629d90c6b5,501953252637,1766322209761
1766322209379,Sell,88611.70,0.112,bbf1b236-f4d3-5c36-8e25-2bd716c7e750,501953252637,1766322209761
1766322209379,Sell,88611.70,0.009,fb51e05b-48ac-53ad-8262-ee3fc58bb136,501953252637,1766322209761
1766322209379,Sell,88611.70,0.043,e2017201-9caf-5b1c-8efe-dde936cc24ea,501953252637,1766322209761
1766322209379,Sell,88611.70,0.008,3b0f7527-3208-5ef6-a755-3bcf494fdd11,501953252637,1766322209761
1766322209379,Sell,88611.70,0.112,eec08235-cd5a-5c4f-a501-19d94c93353a,501953252637,1766322209761
1766322209379,Sell,88611.70,0.463,8e575442-c2b5-53f3-a260-03fe71df05dc,501953252637,1766322209761
1766322209810,Buy,88600.40,0.017,74ebc711-d03a-5c23-a95c-643ae6bc499e,501953266629,1766322210089
1766322209810,Buy,88600.40,0.005,595553a1-43f1-5495-abf4-89d62ef4a2b3,501953266629,1766322210089
1766322211057,Buy,88600.40,0.001,d8e5a5cf-a42d-5726-b826-5b2245502e06,501953268878,1766322211250
1766322211224,Buy,88600.40,0.001,c2ce9983-2b32-5afd-8cd5-5724f876fcdd,501953269136,1766322211423
1766322211833,Buy,88600.40,0.001,5aecd224-20cb-52da-a8fc-6bbffa5171e4,501953271152,1766322212082
1766322212427,Buy,88600.40,0.002,1331da72-eccd-5308-8b06-9442f5b29eb3,501953272314,1766322212656
1766322212472,Sell,88600.30,0.198,a7d5585b-fdbb-59c2-a6bf-2acd910a1bc9,501953272383,1766322212905
1766322212456,Buy,88600.40,0.040,66e228d9-b4f6-5f82-a080-657f3cddc022,501953272362,1766322212905
1766322213023,Sell,88600.30,0.017,eea961d2-7d67-580f-bb3e-4ea4c7c7cb31,501953274165,1766322213224
1766322213098,Buy,88600.40,0.044,d2126482-d722-5c20-8bd7-e16f5e9fa43e,501953274289,1766322213538
1766322214801,Sell,88600.30,0.009,dad2bb6b-9bb0-5b8b-9fb8-fca123553381,501953277659,1766322215007
1766322215911,Sell,88600.30,0.003,3240f940-5b85-5b77-97f8-d7419ff5b0f5,501953281445,1766322216124
1766322216302,Sell,88600.30,0.010,b69c38f9-1982-52ae-916e-eb648ee86547,501953282302,1766322216456
1766322216302,Sell,88600.30,0.007,51587d6a-ebeb-5bb0-92c0-e5fae5f1676c,501953282302,1766322216456
1766322216299,Sell,88600.30,0.006,719c0892-0eb5-5ea3-8cbe-87267d72fa87,501953282287,1766322216456
1766322216299,Sell,88600.30,0.001,56b6d552-e2fb-50a9-b36a-45c1993981e3,501953282287,1766322216456
1766322216299,Sell,88600.30,0.001,a438b1af-0cf0-5c1c-8041-be3aeb4d8a65,501953282287,1766322216456
1766322216299,Sell,88600.30,0.001,9628d379-6ee8-5b46-b72d-435077343721,501953282287,1766322216456
1766322216299,Sell,88600.30,0.001,587cce63-ec32-5f05-bfbf-d2b6e2ff0c2a,501953282287,1766322216456
1766322216299,Sell,88600.30,0.001,44abcaad-9fab-5dd4-87c3-357a0e5576e5,501953282287,1766322216456
1766322216299,Sell,88600.30,0.130,63b38c4f-e84d-5219-9a18-8ab717f75a48,501953282287,1766322216456
1766322216704,Sell,88583.50,0.005,f7919a0e-8bfd-5772-b70b-1f875687dd2c,501953298292,1766322217048
1766322216600,Sell,88583.50,0.001,8034d767-4f61-5c09-8c27-26736e8242e1,501953295547,1766322217048
1766322216600,Sell,88583.50,0.001,8372f237-1245-5b8e-812e-42bfa3f7d793,501953295547,1766322217048
1766322216593,Sell,88583.50,0.002,15a6a84b-9fff-5ab2-becf-58969428521a,501953294827,1766322217048
1766322216593,Sell,88583.50,0.003,4da6c241-6c1a-5981-bbc3-0e6d714e0699,501953294827,1766322217048
1766322216593,Sell,88583.50,0.003,b1af39cd-34b2-528f-9dd4-b63b05741321,501953294827,1766322217048
1766322216593,Sell,88583.50,0.003,0afce0b4-efa9-50be-b07b-ae1452ec0866,501953294827,1766322217048
1766322216593,Sell,88583.50,0.003,3b337178-52df-517f-b6a4-ed9a425cf9c8,501953294827,1766322217048
1766322216593,Sell,88583.50,0.003,4840ce5c-fc17-54ec-989e-730fce4a8183,501953294827,1766322217048
1766322216593,Sell,88583.90,0.001,2521a0a3-b5aa-565d-88ae-a678eff5ccb9,501953294827,1766322217048
1766322216593,Sell,88584.00,0.003,2cc3e6e3-a3c0-5f37-ba44-f4d2c0f9ef76,501953294827,1766322217048
1766322216593,Sell,88584.00,0.001,8a516e6f-00b9-53a1-85ab-ff98d1803eb2,501953294827,1766322217048
1766322216593,Sell,88584.10,0.003,99bc4541-b386-52da-afb5-bf4e21d6eb2a,501953294827,1766322217048
1766322216593,Sell,88584.10,0.003,780a049a-6f47-5949-a366-5d617e94e53d,501953294827,1766322217048
1766322216593,Sell,88584.20,0.003,46e81bc0-0c31-5b68-a668-4591ae368c12,501953294827,1766322217048
1766322216593,Sell,88584.30,0.003,b3c7afca-c59f-5763-b5b7-465192a608a8,501953294827,1766322217048
1766322216593,Sell,88584.70,0.004,05a20bc1-5c06-5ab3-b82e-1637cddb6c44,501953294827,1766322217048
1766322216593,Sell,88584.70,0.002,0287f552-1799-5def-b549-0a3b52ecac6d,501953294827,1766322217048
1766322216593,Sell,88584.70,0.002,b8ee3439-7621-5c4e-85b9-0a5536f1263f,501953294827,1766322217048
1766322216593,Sell,88584.70,0.001,191750ce-7001-53f1-a24a-4b305e7e9f7c,501953294827,1766322217048
1766322216593,Sell,88584.80,0.002,f80581e1-b0ff-5489-b712-0a37d2c80c1f,501953294827,1766322217048
1766322216593,Sell,88585.20,0.003,1217f328-74da-588e-a6f1-1fc57144fe4c,501953294827,1766322217048
1766322216593,Sell,88585.20,0.003,a2267595-36f9-5cbe-b71d-4b7b76f7e3bb,501953294827,1766322217048
1766322216593,Sell,88585.90,0.001,8aad6b14-0d21-56c6-9275-e5d0e8a8a190,501953294827,1766322217048
1766322216593,Sell,88585.90,0.001,ea2f77c6-de8e-564b-8191-367fe4f8e451,501953294827,1766322217048
1766322216593,Sell,88585.90,0.003,dee95fd9-8481-5f10-8210-5586654335bb,501953294827,1766322217048
1766322216581,Sell,88586.00,0.003,28349a6a-34e3-5df2-8ef8-c564a97bb286,501953293995,1766322217048
1766322216581,Sell,88586.50,0.001,54ed1790-dd5f-52a7-abf8-756ca46d6fcb,501953293995,1766322217048
1766322216581,Sell,88586.80,0.003,d9036584-e3e3-5946-bb4d-9448e67b2c48,501953293995,1766322217048
1766322216577,Sell,88586.90,0.003,77a0f7f5-80bb-5826-a8d4-e0635541ed6b,501953293855,1766322217048
1766322216577,Sell,88586.90,0.003,b0c35a79-c893-5b8d-b00d-294d33456c8a,501953293855,1766322217048
1766322216577,Sell,88586.90,0.003,dc577070-e491-5f5f-a637-a2e419b3b2f4,501953293855,1766322217048
1766322216577,Sell,88586.90,0.017,0725322c-c232-5e69-b1d1-5437cb5bb9ea,501953293855,1766322217048
1766322216577,Sell,88586.90,0.017,8ea258ba-e63e-5d20-aadb-033e8df0750c,501953293855,1766322217048
1766322216564,Sell,88587.00,0.001,2fa5596a-c5bc-5484-b940-66e6f7369526,501953292987,1766322217048
1766322216560,Sell,88587.70,0.001,5c5ec602-9755-5922-9080-964930bedf19,501953292772,1766322217048
1766322216560,Sell,88587.70,0.003,1d5462db-b03a-5855-95e1-f89636ea1f1e,501953292772,1766322217048
1766322216560,Sell,88587.70,0.003,f01b9683-e197-5238-8475-30c72ca0fd1d,501953292772,1766322217048
1766322216560,Sell,88587.70,0.010,c683fd44-0ca1-58be-9375-fe081c17790c,501953292772,1766322217048
1766322216560,Sell,88587.70,0.010,dfd1fe50-c978-5d90-adfc-805cd2f3169d,501953292772,1766322217048
1766322216560,Sell,88587.70,0.003,22959771-2e0a-5497-9fa5-aad8a9212a55,501953292772,1766322217048
1766322216545,Sell,88587.80,0.007,3a2dd009-5777-5e6d-958a-5329fbc62a14,501953292050,1766322217048
1766322216545,Sell,88587.80,0.007,0ddfc515-f04e-518e-bb8a-ebe1e567e83a,501953292050,1766322217048
1766322216545,Sell,88587.80,0.001,7f75e2e9-69a5-571d-b0d7-c68866a0113d,501953292050,1766322217048
1766322216545,Sell,88587.90,0.007,5790cdce-143c-5bd6-b771-4a551277febd,501953292050,1766322217048
1766322216545,Sell,88587.90,0.007,a3daa1af-e132-5810-8332-5460af0d2174,501953292050,1766322217048
1766322216545,Sell,88587.90,0.007,b6cf3d11-c6e2-5978-be42-587024cdc579,501953292050,1766322217048
1766322216545,Sell,88587.90,0.007,6116d6b7-9625-5c66-912b-df8c70f0f4db,501953292050,1766322217048
1766322216545,Sell,88588.00,0.001,f4f90225-a544-5d05-8e57-40941bf4a1c7,501953292050,1766322217048
1766322216545,Sell,88588.00,0.001,5a54bc23-3272-5bda-8959-1c149d282d33,501953292050,1766322217048
1766322216545,Sell,88588.00,0.003,c08943d2-9344-5515-a6f1-dc918d002803,501953292050,1766322217048
1766322216545,Sell,88588.00,0.003,4264b0f3-2698-5b74-bb49-29c028105da7,501953292050,1766322217048
1766322216545,Sell,88588.00,0.005,023849e0-0676-5908-ab84-59a00c5c71f9,501953292050,1766322217048
1766322216522,Sell,88588.00,0.002,3fc00490-9379-50c6-b481-c46b2e7c62e6,501953291253,1766322217048
1766322216522,Sell,88588.00,0.003,a09919cb-65b0-5b65-a3db-e35b0c8ff147,501953291253,1766322217048
1766322216519,Sell,88588.00,0.003,8fcc1a5b-2543-5b18-98ea-002540d442c2,501953291137,1766322217048
1766322216519,Sell,88588.00,0.006,a4848c63-2af8-590f-bdae-3d078e618099,501953291137,1766322217048
1766322216513,Sell,88588.00,0.001,5fd2f0b3-46bc-5882-9a92-85c371f2a93c,501953290836,1766322217048
1766322216513,Sell,88588.00,0.003,821ac240-b5b5-524f-b137-6474c11c2b4b,501953290836,1766322217048
1766322216513,Sell,88588.00,0.001,14ecfd10-dd36-565f-9c91-6b788874d74e,501953290836,1766322217048
1766322216511,Sell,88588.00,0.005,3dcecf87-ebfb-537a-a8b4-ebb6d3a5d3e4,501953290739,1766322217048
1766322216510,Sell,88588.00,0.001,297d79f5-c93f-5c38-9218-857b667d9d4d,501953290718,1766322217048
1766322216510,Sell,88588.00,0.004,a278a559-3f26-54a9-9e94-1117a04056c5,501953290718,1766322217048
1766322216510,Sell,88588.00,0.003,f0300089-fc52-5d4f-8726-fcb1a1742efb,501953290712,1766322217048
1766322216510,Sell,88588.00,0.001,d7c0e52a-47c1-55cf-a65f-b15f3d99c65f,501953290712,1766322217048
1766322216510,Sell,88588.00,0.001,506f07a3-f706-5f40-be6b-4eb923241857,501953290712,1766322217048
1766322216500,Sell,88588.00,0.005,47f81248-8ed1-5da4-b074-8b838ea8f96d,501953290106,1766322217048
1766322216498,Sell,88588.00,0.005,be3047b6-a0ec-5ee5-8cdc-f73a88c51ee0,501953290000,1766322217048
1766322216498,Sell,88588.00,0.003,0eef804d-8757-5b71-a5c0-ee1b06975c61,501953289972,1766322217048
1766322216498,Sell,88588.10,0.001,b7069cef-b9ba-55a2-a634-ddb77f9762b7,501953289972,1766322217048
1766322216498,Sell,88588.10,0.001,3391b60a-27cb-5580-bcd6-f305feb99981,501953289972,1766322217048
1766322216495,Sell,88588.10,0.002,8890f264-1e7c-5472-8034-f8a48f80490b,501953289816,1766322217048
1766322216495,Sell,88588.10,0.003,d5fba31f-187d-5a25-89c1-5875954111d3,501953289816,1766322217048
1766322216495,Sell,88588.10,0.003,aee029af-d9c6-50f7-8935-3056801f8771,501953289793,1766322217048
1766322216495,Sell,88588.10,0.002,3fa47201-afd0-5973-975b-9600d07098e0,501953289793,1766322217048
1766322216494,Sell,88588.10,0.001,0ed2228b-43b6-588a-89a2-2d2aa75e0638,501953289764,1766322217048
1766322216494,Sell,88588.10,0.003,a17b0f11-81fd-51fc-9579-ca0f9a540286,501953289764,1766322217048
1766322216494,Sell,88588.10,0.001,7e2c3427-b24e-5637-99b3-2323f9ca3f24,501953289764,1766322217048
1766322216477,Sell,88588.10,0.002,3f8dd826-ed5b-5cc4-a2f8-fd7b754cda81,501953288075,1766322217048
1766322216477,Sell,88588.60,0.004,2916ae00-e5b9-55da-a6c1-af94465b1d7b,501953288075,1766322217048
1766322216477,Sell,88588.70,0.003,36bf1864-d200-561e-89a2-adaf58c05864,501953288075,1766322217048
1766322216477,Sell,88588.70,0.003,f9574a98-700c-559e-89f7-22d865d87653,501953288075,1766322217048
1766322216477,Sell,88588.70,0.001,64033a63-8b13-56d4-a394-89beae2d6bce,501953288075,1766322217048
1766322216477,Sell,88588.80,0.020,9c439945-8208-5f47-9c22-577dd3de137d,501953288075,1766322217048
1766322216477,Sell,88589.10,0.001,3e420509-adf3-55cf-8405-5b016dd04391,501953288075,1766322217048
1766322216477,Sell,88589.40,0.001,81832ce6-3653-5f64-9e8f-b5b9bf861ffa,501953288075,1766322217048
1766322216477,Sell,88589.60,0.001,79254bd3-fc5d-56ea-be4d-0bc8d2db94e5,501953288075,1766322217048
1766322216477,Sell,88589.70,0.003,06afa285-ee15-573e-9d21-d4dedcb33b4c,501953288075,1766322217048
1766322216477,Sell,88590.00,0.010,237ff2e7-8797-56e2-b0b3-2e58591fb8ed,501953288075,1766322217048
1766322216477,Sell,88590.70,0.040,15f30f1a-5819-5516-a5dd-0ea62aabc0c0,501953288075,1766322217048
1766322216477,Sell,88590.70,0.011,85bf7eed-c4dc-5474-b20a-697322371b39,501953288075,1766322217048
1766322216465,Buy,88591.20,0.539,97b8d77b-6797-53ed-a540-9404fd0f0247,501953286202,1766322217048
1766322216465,Buy,88591.20,0.609,90e64ad2-6bdd-59c0-8c0b-5a690aace7ec,501953286202,1766322217048
1766322216460,Sell,88590.70,0.006,f1ebd85e-759e-50c1-8491-c3439f367cc9,501953285805,1766322217048
1766322216460,Sell,88590.70,0.001,4c9df445-f4bb-5308-8afb-56269ab7e3b4,501953285805,1766322217048
1766322216460,Sell,88591.10,0.002,21c7ec95-4636-506c-9f9c-913582a6dc48,501953285805,1766322217048
1766322216459,Sell,88591.10,0.002,7ae28e81-40cc-5e94-aa0b-2762df5a34fc,501953285689,1766322217048
1766322216459,Sell,88591.30,0.004,cc1353ad-49ab-5c32-9cee-2c2c72460b21,501953285689,1766322217048
1766322216459,Sell,88591.30,0.003,5d31fb0f-6be7-595f-875c-dad2fd233c5d,501953285689,1766322217048
1766322216459,Sell,88591.30,0.001,9829c89a-ccbb-5bdd-86bf-d24613bfbc19,501953285676,1766322217048
1766322216459,Sell,88591.40,0.004,3f0b90db-13d6-5faf-8946-ba1c481209c3,501953285676,1766322217048
1766322216459,Sell,88591.40,0.004,b2d85bd9-172c-586d-b0f3-1b5df60ce25f,501953285676,1766322217048
1766322216459,Sell,88591.60,0.004,449b4d88-0527-55b1-b956-ace364bfcc5e,501953285589,1766322217048
1766322216459,Sell,88591.60,0.004,c3f37e08-6667-50b5-81ad-dfaa10ea4e5f,501953285589,1766322217048
1766322216459,Sell,88591.60,0.001,631c0bd8-abed-570a-aeab-1c32ca78150a,501953285589,1766322217048
1766322216457,Sell,88591.60,0.003,2212a1b4-dc33-5e4b-8800-480bd8ab70d6,501953285499,1766322217048
1766322216457,Sell,88591.60,0.004,8b41c62e-7a2d-5766-96a1-06b4fcd3ed96,501953285499,1766322217048
1766322216457,Sell,88591.70,0.004,711118f2-5c70-5eb4-9afc-185c239497b8,501953285499,1766322217048
1766322216457,Sell,88591.80,0.004,1c230aa7-4ffb-5e5f-92d6-217cc66f0a89,501953285499,1766322217048
1766322216457,Sell,88591.80,0.004,b1e3453e-9af4-58c2-bc12-d9cc29f838b5,501953285499,1766322217048
1766322216457,Sell,88591.80,0.004,5284201a-c6ec-542f-ba3a-41c5fa58d502,501953285499,1766322217048
1766322216457,Sell,88591.80,0.004,59a06476-e9e1-5419-bd35-4e548745904c,501953285499,1766322217048
1766322216457,Sell,88591.90,0.004,e53e8e4f-445f-5f84-9c77-225850bc3386,501953285499,1766322217048
1766322216457,Sell,88592.00,0.001,5ca49db4-7387-5ea6-8454-bb9bba31321e,501953285499,1766322217048
1766322216457,Sell,88592.10,0.004,93df4660-da25-58cc-9a9d-88d20923457e,501953285499,1766322217048
1766322216457,Sell,88592.10,0.004,db46a687-44b6-5faf-b742-d16c3bf001dc,501953285499,1766322217048
1766322216457,Sell,88592.30,0.010,6e52fa98-7dd4-5097-b4c6-ecbd0678fb43,501953285499,1766322217048
1766322216457,Sell,88592.80,0.001,01be40ac-bc68-520b-ae01-e95c5448e5c7,501953285499,1766322217048
1766322216457,Sell,88592.80,0.001,ebd8326e-1ddd-5478-bfd6-8c1f4517ec1e,501953285499,1766322217048
1766322216457,Sell,88592.90,0.003,e015e6a0-5ab0-5611-94b3-3bb8aef5bcdb,501953285499,1766322217048
1766322216457,Sell,88592.90,0.003,9a3b7055-1e0b-5162-ae4e-754cf7a170fa,501953285499,1766322217048
1766322216457,Sell,88593.20,0.004,d8842416-e797-5297-917a-86350f88ddc5,501953285499,1766322217048
1766322216457,Sell,88593.30,0.001,0b615c86-097c-564b-a4f1-410dc48b1870,501953285499,1766322217048
1766322216457,Sell,88593.50,0.002,dcffec6b-5607-5d28-a5e7-0d517a6d931c,501953285499,1766322217048
1766322216457,Sell,88593.70,0.316,f937d87c-244f-524b-8f7f-b8b632e73246,501953285499,1766322217048
1766322216457,Sell,88594.10,0.001,e2c1f93b-1239-56ce-8571-804d7ab23e45,501953285499,1766322217048
1766322216457,Sell,88594.60,0.001,2c18339f-1bde-5825-b979-49ae34b02932,501953285499,1766322217048
1766322216457,Sell,88595.10,0.004,25005235-e56a-5175-b131-5ce0d402e1fe,501953285499,1766322217048
1766322216457,Sell,88595.10,0.004,32f45beb-32e4-5ce0-8ef4-01db8e853c81,501953285499,1766322217048
1766322216457,Sell,88595.50,0.004,a1d6f2d8-e85d-5b3c-85b8-c6870fd4ba91,501953285499,1766322217048
1766322216457,Sell,88595.90,0.003,eb6a4c60-c40e-5929-90ca-b7d35cd3171d,501953285499,1766322217048
1766322216457,Sell,88596.00,0.001,8f440211-1e5e-5674-bc6c-c46585e97dbe,501953285499,1766322217048
1766322216457,Sell,88596.00,0.001,53c760d2-10f9-5f7b-a31c-941cc3aeb4d9,501953285499,1766322217048
1766322216457,Sell,88596.20,0.003,3a11cdfd-cad6-5d92-9fdf-bcc74aac68a4,501953285499,1766322217048
1766322216457,Sell,88596.60,0.004,ac55b5c8-f058-54a3-bfca-7b6a295c2069,501953285499,1766322217048
1766322216457,Sell,88596.70,0.001,e64f2e05-9fb7-5701-bba4-a0ac6ffba98f,501953285499,1766322217048
1766322216457,Sell,88596.70,0.004,74e913cc-08c1-5707-9bd3-5ae52780ab84,501953285499,1766322217048
1766322216457,Sell,88596.70,0.004,109692d7-daae-52a0-8169-375fd2b43564,501953285499,1766322217048
1766322216457,Sell,88596.70,0.004,b36fd767-fb11-5ff5-a7e6-debc474c2d06,501953285499,1766322217048
1766322216457,Sell,88596.80,0.080,34966932-65c9-5ea6-9bcf-2d949a32318f,501953285499,1766322217048
1766322216457,Sell,88596.80,0.005,1d64037d-8227-5764-b11a-fb77c33309cc,501953285405,1766322217048
1766322216457,Sell,88597.00,0.004,7615d9a2-d8e8-5996-8c61-a47d6b21d95c,501953285405,1766322217048
1766322216454,Sell,88597.10,0.002,cb7753c4-b754-502d-91a7-8b9176244630,501953284739,1766322217048
1766322216454,Sell,88597.20,0.004,76473511-67e3-5b74-8cf2-0fab640e5e12,501953284739,1766322217048
1766322216449,Sell,88598.00,0.004,0f5b295e-5987-5546-bfa0-e8314cf6c747,501953284476,1766322217048
1766322216449,Sell,88598.50,0.001,eb0edfd8-bd7a-5584-a440-4c9c2043a33d,501953284476,1766322217048
1766322216449,Sell,88598.50,0.097,2984be8a-4d7f-5c3c-95e0-7591c6a050bc,501953284476,1766322217048
1766322216449,Sell,88600.00,0.001,037befaa-9590-57fb-a19b-0889109b9f71,501953284469,1766322217048
1766322216449,Sell,88600.00,0.012,ae5775c3-2871-597b-a75a-77d90f4ab8cd,501953284469,1766322217048
1766322216449,Sell,88600.00,0.114,2f02c001-674d-5950-8747-17f2b484cfbc,501953284468,1766322217048
1766322216449,Sell,88600.00,0.002,dbcf468c-01eb-5842-907a-0cd9f6e71a41,501953284468,1766322217048
1766322216449,Sell,88600.00,0.030,ff11f632-c318-570f-b50d-964595632ec7,501953284468,1766322217048
1766322216449,Sell,88600.00,0.005,69682978-5107-56ad-bd21-47da22a208e8,501953284468,1766322217048
1766322216449,Sell,88600.00,0.069,7e88405d-5682-5fe5-b829-917422d95634,501953284468,1766322217048
1766322216449,Sell,88600.00,0.008,e4554b45-21bd-5a06-ac6d-880d87bc86dd,501953284465,1766322217048
1766322216449,Sell,88600.00,0.035,8814e8ad-0fb3-520f-913e-4e678eea712a,501953284461,1766322217048
1766322216449,Sell,88600.00,0.001,6a7189c0-f4c0-5940-abaf-c895fd802e8e,501953284461,1766322217048
1766322216449,Sell,88600.00,0.001,6244867c-7d38-5dfe-8322-439fb4616abe,501953284461,1766322217048
1766322216449,Sell,88600.00,0.020,f98cc01c-e264-58eb-817b-8e9cbaea381f,501953284461,1766322217048
1766322216449,Sell,88600.00,0.010,9318d64c-9606-54d3-8e85-b2ba87783540,501953284461,1766322217048
