order_id,ts_ms,seq,status,side,liquidity,src,reason,vwap,filled_qty,unfilled_qty,fee,fee_bps,gross,net,exec_cost_ticks_signed,mid,best,spread_paid_ticks,slip_ticks,target_notional,filled_notional,crossing,levels_crossed,adv_ticks,queue_time_ms,adv_selection_ticks
0,1766322156779,501952994614,rejected,BUY,NONE,DEMO,MinQty,0,0,0,0,0,0,0,0,88634.4,88635.6,0,0,20,0,0,0,0,0,0
0,1766322156799,501952994674,rejected,SELL,NONE,DEMO,MinQty,0,0,0,0,0,0,0,0,88634.4,88633.2,0,0,20,0,0,0,0,0,0
0,1766322156819,501952994722,rejected,BUY,NONE,DEMO,MinQty,0,0,0,0,0,0,0,0,88634.4,88635.6,0,0,20,0,0,0,0,0,0
0,1766322156919,501952994968,rejected,SELL,NONE,DEMO,MinQty,0,0,0,0,0,0,0,0,88634.4,88633.2,0,0,20,0,0,0,0,0,0
0,1766322156939,501952995027,rejected,BUY,NONE,DEMO,MinQty,0,0,0,0,0,0,0,0,88634.4,88635.6,0,0,20,0,0,0,0,0,0
0,1766322157019,501952995214,rejected,SELL,NONE,DEMO,MinQty,0,0,0,0,0,0,0,0,88633.25,88633.2,0,0,20,0,0,0,0,0,0
0,1766322157039,501952995266,rejected,BUY,NONE,DEMO,MinQty,0,0,0,0,0,0,0,0,88633.25,88633.3,0,0,20,0,0,0,0,0,0
0,1766322157119,501952995379,rejected,SELL,NONE,DEMO,MinQty,0,0,0,0,0,0,0,0,88633.25,88633.2,0,0,20,0,0,0,0,0,0
0,1766322157139,501952995486,rejected,BUY,NONE,DEMO,MinQty,0,0,0,0,0,0,0,0,88633.25,88633.3,0,0,20,0,0,0,0,0,0
0,1766322157179,501952995696,rejected,SELL,NONE,DEMO,MinQty,0,0,0,0,0,0,0,0,88633.25,88633.2,0,0,20,0,0,0,0,0,0
0,1766322157199,501952995804,rejected,BUY,NONE,DEMO,MinQty,0,0,0,0,0,0,0,0,88633.25,88633.3,0,0,20,0,0,0,0,0,0
0,1766322157219,501952995851,rejected,SELL,NONE,DEMO,MinQty,0,0,0,0,0,0,0,0,88633.25,88633.2,0,0,20,0,0,0,0,0,0
0,1766322157240,501952995894,rejected,BUY,NONE,DEMO,MinQty,0,0,0,0,0,0,0,0,88633.25,88633.3,0,0,20,0,0,0,0,0,0
0,1766322157259,501952995931,rejected,SELL,NONE,DEMO,MinQty,0,0,0,0,0,0,0,0,88633.25,88633.2,0,0,20,0,0,0,0,0,0
0,1766322157279,501952995966,rejected,BUY,NONE,DEMO,MinQty,0,0,0,0,0,0,0,0,88633.25,88633.3,0,0,20,0,0,0,0,0,0
0,1766322157299,501952996000,rejected,SELL,NONE,DEMO,MinQty,0,0,0,0,0,0,0,0,88633.25,88633.2,0,0,20,0,0,0,0,0,0
0,1766322157319,501952996055,rejected,BUY,NONE,DEMO,MinQty,0,0,0,0,0,0,0,0,88633.25,88633.3,0,0,20,0,0,0,0,0,0
0,1766322157339,501952996121,rejected,SELL,NONE,DEMO,MinQty,0,0,0,0,0,0,0,0,88633.25,88633.2,0,0,20,0,0,0,0,0,0
0,1766322157379,501952996166,rejected,BUY,NONE,DEMO,MinQty,0,0,0,0,0,0,0,0,88633.25,88633.3,0,0,20,0,0,0,0,0,0
0,1766322157419,501952996226,rejected,SELL,NONE,DEMO,MinQty,0,0,0,0,0,0,0,0,88633.25,88633.2,0,0,20,0,0,0,0,0,0
0,1766322157439,501952996253,rejected,BUY,NONE,DEMO,MinQty,0,0,0,0,0,0,0,0,88633.25,88633.3,0,0,20,0,0,0,0,0,0
0,1766322157519,501952996352,rejected,SELL,NONE,DEMO,MinQty,0,0,0,0,0,0,0,0,88633.25,88633.2,0,0,20,0,0,0,0,0,0
0,1766322157639,501952996499,rejected,BUY,NONE,DEMO,MinQty,0,0,0,0,0,0,0,0,88633.25,88633.3,0,0,20,0,0,0,0,0,0
0,1766322157659,501952996517,rejected,SELL,NONE,DEMO,MinQty,0,0,0,0,0,0,0,0,88633.25,88633.2,0,0,20,0,0,0,0,0,0
0,1766322157679,501952996548,rejected,BUY,NONE,DEMO,MinQty,0,0,0,0,0,0,0,0,88633.25,88633.3,0,0,20,0,0,0,0,0,0
0,1766322157739,501952996630,rejected,SELL,NONE,DEMO,MinQty,0,0,0,0,0,0,0,0,88633.25,88633.2,0,0,20,0,0,0,0,0,0
0,1766322157759,501952996638,rejected,BUY,NONE,DEMO,MinQty,0,0,0,0,0,0,0,0,88633.25,88633.3,0,0,20,0,0,0,0,0,0
0,1766322157879,501952996777,rejected,SELL,NONE,DEMO,MinQty,0,0,0,0,0,0,0,0,88633.25,88633.2,0,0,20,0,0,0,0,0,0
0,1766322157899,501952996803,rejected,BUY,NONE,DEMO,MinQty,0,0,0,0,0,0,0,0,88633.25,88633.3,0,0,20,0,0,0,0,0,0
0,1766322157920,501952996831,rejected,SELL,NONE,DEMO,MinQty,0,0,0,0,0,0,0,0,88633.25,88633.2,0,0,20,0,0,0,0,0,0
0,1766322157939,501952996895,rejected,BUY,NONE,DEMO,MinQty,0,0,0,0,0,0,0,0,88633.25,88633.3,0,0,20,0,0,0,0,0,0
0,1766322157959,501952996922,rejected,SELL,NONE,DEMO,MinQty,0,0,0,0,0,0,0,0,88633.25,88633.2,0,0,20,0,0,0,0,0,0
0,1766322158039,501952997019,rejected,BUY,NONE,DEMO,MinQty,0,0,0,0,0,0,0,0,88633.25,88633.3,0,0,20,0,0,0,0,0,0
0,1766322158059,501952997061,rejected,SELL,NONE,DEMO,MinQty,0,0,0,0,0,0,0,0,88633.25,88633.2,0,0,20,0,0,0,0,0,0
0,1766322158119,501952997113,rejected,BUY,NONE,DEMO,MinQty,0,0,0,0,0,0,0,0,88633.25,88633.3,0,0,20,0,0,0,0,0,0
0,1766322158140,501952997132,rejected,SELL,NONE,DEMO,MinQty,0,0,0,0,0,0,0,0,88633.25,88633.2,0,0,20,0,0,0,0,0,0
0,1766322158199,501952997171,rejected,BUY,NONE,DEMO,MinQty,0,0,0,0,0,0,0,0,88633.25,88633.3,0,0,20,0,0,0,0,0,0
0,1766322158220,501952997208,rejected,SELL,NONE,DEMO,MinQty,0,0,0,0,0,0,0,0,88633.25,88633.2,0,0,20,0,0,0,0,0,0
0,1766322158299,501952997330,rejected,BUY,NONE,DEMO,MinQty,0,0,0,0,0,0,0,0,88633.25,88633.3,0,0,20,0,0,0,0,0,0
0,1766322158319,501952997355,rejected,SELL,NONE,DEMO,MinQty,0,0,0,0,0,0,0,0,88633.25,88633.2,0,0,20,0,0,0,0,0,0
0,1766322158359,501952997397,rejected,BUY,NONE,DEMO,MinQty,0,0,0,0,0,0,0,0,88633.25,88633.3,0,0,20,0,0,0,0,0,0
0,1766322158379,501952997438,rejected,SELL,NONE,DEMO,MinQty,0,0,0,0,0,0,0,0,88633.25,88633.2,0,0,20,0,0,0,0,0,0
0,1766322158399,501952997461,rejected,BUY,NONE,DEMO,MinQty,0,0,0,0,0,0,0,0,88633.25,88633.3,0,0,20,0,0,0,0,0,0
0,1766322158459,501952997537,rejected,SELL,NONE,DEMO,MinQty,0,0,0,0,0,0,0,0,88633.25,88633.2,0,0,20,0,0,0,0,0,0
0,1766322158479,501952997564,rejected,BUY,NONE,DEMO,MinQty,0,0,0,0,0,0,0,0,88633.25,88633.3,0,0,20,0,0,0,0,0,0
0,1766322158500,501952997584,rejected,SELL,NONE,DEMO,MinQty,0,0,0,0,0,0,0,0,88633.25,88633.2,0,0,20,0,0,0,0,0,0
0,1766322158519,501952997606,rejected,BUY,NONE,DEMO,MinQty,0,0,0,0,0,0,0,0,88633.25,88633.3,0,0,20,0,0,0,0,0,0
0,1766322158539,501952997632,rejected,SELL,NONE,DEMO,MinQty,0,0,0,0,0,0,0,0,88633.25,88633.2,0,0,20,0,0,0,0,0,0
0,1766322158559,501952997652,rejected,BUY,NONE,DEMO,MinQty,0,0,0,0,0,0,0,0,88633.25,88633.3,0,0,20,0,0,0,0,0,0
0,1766322158619,501952997720,rejected,SELL,NONE,DEMO,MinQty,0,0,0,0,0,0,0,0,88633.25,88633.2,0,0,20,0,0,0,0,0,0
0,1766322158639,501952997743,rejected,BUY,NONE,DEMO,MinQty,0,0,0,0,0,0,0,0,88633.25,88633.3,0,0,20,0,0,0,0,0,0
0,1766322158660,501952997769,rejected,SELL,NONE,DEMO,MinQty,0,0,0,0,0,0,0,0,88633.25,88633.2,0,0,20,0,0,0,0,0,0
0,1766322158679,501952997805,rejected,BUY,NONE,DEMO,MinQty,0,0,0,0,0,0,0,0,88633.25,88633.3,0,0,20,0,0,0,0,0,0
0,1766322158719,501952997867,rejected,SELL,NONE,DEMO,MinQty,0,0,0,0,0,0,0,0,88633.25,88633.2,0,0,20,0,0,0,0,0,0
0,1766322158740,501952997903,rejected,BUY,NONE,DEMO,MinQty,0,0,0,0,0,0,0,0,88633.25,88633.3,0,0,20,0,0,0,0,0,0
0,1766322158759,501952997934,rejected,SELL,NONE,DEMO,MinQty,0,0,0,0,0,0,0,0,88633.25,88633.2,0,0,20,0,0,0,0,0,0
0,1766322158779,501952997957,rejected,BUY,NONE,DEMO,MinQty,0,0,0,0,0,0,0,0,88633.25,88633.3,0,0,20,0,0,0,0,0,0
0,1766322158819,501952998048,rejected,SELL,NONE,DEMO,MinQty,0,0,0,0,0,0,0,0,88633.25,88633.2,0,0,20,0,0,0,0,0,0
0,1766322158899,501952998160,rejected,BUY,NONE,DEMO,MinQty,0,0,0,0,0,0,0,0,88633.25,88633.3,0,0,20,0,0,0,0,0,0
0,1766322158920,501952998196,rejected,SELL,NONE,DEMO,MinQty,0,0,0,0,0,0,0,0,88633.25,88633.2,0,0,20,0,0,0,0,0,0
0,1766322158939,501952998216,rejected,BUY,NONE,DEMO,MinQty,0,0,0,0,0,0,0,0,88633.25,88633.3,0,0,20,0,0,0,0,0,0
0,1766322158959,501952998250,rejected,SELL,NONE,DEMO,MinQty,0,0,0,0,0,0,0,0,88633.25,88633.2,0,0,20,0,0,0,0,0,0
0,1766322159059,501952998381,rejected,BUY,NONE,DEMO,MinQty,0,0,0,0,0,0,0,0,88633.25,88633.3,0,0,20,0,0,0,0,0,0
0,1766322159079,501952998403,rejected,SELL,NONE,DEMO,MinQty,0,0,0,0,0,0,0,0,88633.25,88633.2,0,0,20,0,0,0,0,0,0
0,1766322159100,501952998419,rejected,BUY,NONE,DEMO,MinQty,0,0,0,0,0,0,0,0,88633.25,88633.3,0,0,20,0,0,0,0,0,0
0,1766322159139,501952998442,rejected,SELL,NONE,DEMO,MinQty,0,0,0,0,0,0,0,0,88633.25,88633.2,0,0,20,0,0,0,0,0,0
0,1766322159219,501952998489,rejected,BUY,NONE,DEMO,MinQty,0,0,0,0,0,0,0,0,88633.25,88633.3,0,0,20,0,0,0,0,0,0
0,1766322159240,501952998539,rejected,SELL,NONE,DEMO,MinQty,0,0,0,0,0,0,0,0,88633.25,88633.2,0,0,20,0,0,0,0,0,0
0,1766322159259,501952998554,rejected,BUY,NONE,DEMO,MinQty,0,0,0,0,0,0,0,0,88633.25,88633.3,0,0,20,0,0,0,0,0,0
0,1766322159279,501952998568,rejected,SELL,NONE,DEMO,MinQty,0,0,0,0,0,0,0,0,88633.25,88633.2,0,0,20,0,0,0,0,0,0
0,1766322159319,501952998623,rejected,BUY,NONE,DEMO,MinQty,0,0,0,0,0,0,0,0,88633.25,88633.3,0,0,20,0,0,0,0,0,0
0,1766322159339,501952998650,rejected,SELL,NONE,DEMO,MinQty,0,0,0,0,0,0,0,0,88633.25,88633.2,0,0,20,0,0,0,0,0,0
0,1766322159359,501952998667,rejected,BUY,NONE,DEMO,MinQty,0,0,0,0,0,0,0,0,88633.25,88633.3,0,0,20,0,0,0,0,0,0
0,1766322159420,501952998703,rejected,SELL,NONE,DEMO,MinQty,0,0,0,0,0,0,0,0,88633.25,88633.2,0,0,20,0,0,0,0,0,0
0,1766322159439,501952998719,rejected,BUY,NONE,DEMO,MinQty,0,0,0,0,0,0,0,0,88633.25,88633.3,0,0,20,0,0,0,0,0,0
0,1766322159459,501952998732,rejected,SELL,NONE,DEMO,MinQty,0,0,0,0,0,0,0,0,88633.25,88633.2,0,0,20,0,0,0,0,0,0
0,1766322159519,501952998761,rejected,BUY,NONE,DEMO,MinQty,0,0,0,0,0,0,0,0,88633.25,88633.3,0,0,20,0,0,0,0,0,0
0,1766322159539,501952998771,rejected,SELL,NONE,DEMO,MinQty,0,0,0,0,0,0,0,0,88633.25,88633.2,0,0,20,0,0,0,0,0,0
0,1766322159620,501952998851,rejected,BUY,NONE,DEMO,MinQty,0,0,0,0,0,0,0,0,88633.25,88633.3,0,0,20,0,0,0,0,0,0
0,1766322159659,501952998883,rejected,SELL,NONE,DEMO,MinQty,0,0,0,0,0,0,0,0,88633.25,88633.2,0,0,20,0,0,0,0,0,0
0,1766322159679,501952998897,rejected,BUY,NONE,DEMO,MinQty,0,0,0,0,0,0,0,0,88633.25,88633.3,0,0,20,0,0,0,0,0,0
0,1766322159699,501952999217,rejected,SELL,NONE,DEMO,MinQty,0,0,0,0,0,0,0,0,88633.25,88633.2,0,0,20,0,0,0,0,0,0
0,1766322159719,501952999233,rejected,BUY,NONE,DEMO,MinQty,0,0,0,0,0,0,0,0,88633.25,88633.3,0,0,20,0,0,0,0,0,0
0,1766322159740,501952999259,rejected,SELL,NONE,DEMO,MinQty,0,0,0,0,0,0,0,0,88633.25,88633.2,0,0,20,0,0,0,0,0,0
0,1766322159779,501952999283,rejected,BUY,NONE,DEMO,MinQty,0,0,0,0,0,0,0,0,88633.25,88633.3,0,0,20,0,0,0,0,0,0
0,1766322159800,501952999297,rejected,SELL,NONE,DEMO,MinQty,0,0,0,0,0,0,0,0,88633.25,88633.2,0,0,20,0,0,0,0,0,0
0,1766322159820,501952999318,rejected,BUY,NONE,DEMO,MinQty,0,0,0,0,0,0,0,0,88633.25,88633.3,0,0,20,0,0,0,0,0,0
0,1766322159860,501952999340,rejected,SELL,NONE,DEMO,MinQty,0,0,0,0,0,0,0,0,88633.25,88633.2,0,0,20,0,0,0,0,0,0
0,1766322159899,501952999354,rejected,BUY,NONE,DEMO,MinQty,0,0,0,0,0,0,0,0,88633.25,88633.3,0,0,20,0,0,0,0,0,0
0,1766322159919,501952999365,rejected,SELL,NONE,DEMO,MinQty,0,0,0,0,0,0,0,0,88633.25,88633.2,0,0,20,0,0,0,0,0,0
0,1766322159959,501952999380,rejected,BUY,NONE,DEMO,MinQty,0,0,0,0,0,0,0,0,88633.25,88633.3,0,0,20,0,0,0,0,0,0
0,1766322159979,501952999407,rejected,SELL,NONE,DEMO,MinQty,0,0,0,0,0,0,0,0,88633.25,88633.2,0,0,20,0,0,0,0,0,0
0,1766322159999,501952999424,rejected,BUY,NONE,DEMO,MinQty,0,0,0,0,0,0,0,0,88633.25,88633.3,0,0,20,0,0,0,0,0,0
0,1766322160079,501952999471,rejected,SELL,NONE,DEMO,MinQty,0,0,0,0,0,0,0,0,88633.25,88633.2,0,0,20,0,0,0,0,0,0
0,1766322160119,501952999493,rejected,BUY,NONE,DEMO,MinQty,0,0,0,0,0,0,0,0,88633.25,88633.3,0,0,20,0,0,0,0,0,0
0,1766322160219,501952999562,rejected,SELL,NONE,DEMO,MinQty,0,0,0,0,0,0,0,0,88633.25,88633.2,0,0,20,0,0,0,0,0,0
0,1766322160240,501952999583,rejected,BUY,NONE,DEMO,MinQty,0,0,0,0,0,0,0,0,88633.25,88633.3,0,0,20,0,0,0,0,0,0
0,1766322160259,501952999622,rejected,SELL,NONE,DEMO,MinQty,0,0,0,0,0,0,0,0,88633.25,88633.2,0,0,20,0,0,0,0,0,0
0,1766322160279,501952999672,rejected,BUY,NONE,DEMO,MinQty,0,0,0,0,0,0,0,0,88633.25,88633.3,0,0,20,0,0,0,0,0,0
0,1766322160299,501952999739,rejected,SELL,NONE,DEMO,MinQty,0,0,0,0,0,0,0,0,88633.25,88633.2,0,0,20,0,0,0,0,0,0
0,1766322160379,501952999943,rejected,BUY,NONE,DEMO,MinQty,0,0,0,0,0,0,0,0,88633.25,88633.3,0,0,20,0,0,0,0,0,0
0,1766322160399,501953000024,rejected,SELL,NONE,DEMO,MinQty,0,0,0,0,0,0,0,0,88633.25,88633.2,0,0,20,0,0,0,0,0,0
0,1766322160419,501953000075,rejected,BUY,NONE,DEMO,MinQty,0,0,0,0,0,0,0,0,88633.25,88633.3,0,0,20,0,0,0,0,0,0
0,1766322160439,501953000091,rejected,SELL,NONE,DEMO,MinQty,0,0,0,0,0,0,0,0,88633.25,88633.2,0,0,20,0,0,0,0,0,0
0,1766322160619,501953000186,rejected,BUY,NONE,DEMO,MinQty,0,0,0,0,0,0,0,0,88633.25,88633.3,0,0,20,0,0,0,0,0,0
0,1766322160639,501953000202,rejected,SELL,NONE,DEMO,MinQty,0,0,0,0,0,0,0,0,88633.25,88633.2,0,0,20,0,0,0,0,0,0
0,1766322160659,501953000224,rejected,BUY,NONE,DEMO,MinQty,0,0,0,0,0,0,0,0,88633.25,88633.3,0,0,20,0,0,0,0,0,0
0,1766322160679,501953000239,rejected,SELL,NONE,DEMO,MinQty,0,0,0,0,0,0,0,0,88633.25,88633.2,0,0,20,0,0,0,0,0,0
0,1766322160699,501953000249,rejected,BUY,NONE,DEMO,MinQty,0,0,0,0,0,0,0,0,88633.25,88633.3,0,0,20,0,0,0,0,0,0
0,1766322160719,501953000284,rejected,SELL,NONE,DEMO,MinQty,0,0,0,0,0,0,0,0,88633.25,88633.2,0,0,20,0,0,0,0,0,0
0,1766322160739,501953000325,rejected,BUY,NONE,DEMO,MinQty,0,0,0,0,0,0,0,0,88633.25,88633.3,0,0,20,0,0,0,0,0,0
0,1766322160759,501953000340,rejected,SELL,NONE,DEMO,MinQty,0,0,0,0,0,0,0,0,88633.25,88633.2,0,0,20,0,0,0,0,0,0
0,1766322160779,501953000367,rejected,BUY,NONE,DEMO,MinQty,0,0,0,0,0,0,0,0,88633.25,88633.3,0,0,20,0,0,0,0,0,0
0,1766322160800,501953000396,rejected,SELL,NONE,DEMO,MinQty,0,0,0,0,0,0,0,0,88633.25,88633.2,0,0,20,0,0,0,0,0,0
0,1766322160819,501953000423,rejected,BUY,NONE,DEMO,MinQty,0,0,0,0,0,0,0,0,88633.25,88633.3,0,0,20,0,0,0,0,0,0
0,1766322160839,501953000440,rejected,SELL,NONE,DEMO,MinQty,0,0,0,0,0,0,0,0,88633.25,88633.2,0,0,20,0,0,0,0,0,0
0,1766322160860,501953000451,rejected,BUY,NONE,DEMO,MinQty,0,0,0,0,0,0,0,0,88633.25,88633.3,0,0,20,0,0,0,0,0,0
0,1766322160879,501953000463,rejected,SELL,NONE,DEMO,MinQty,0,0,0,0,0,0,0,0,88633.25,88633.2,0,0,20,0,0,0,0,0,0
0,1766322160900,501953000468,rejected,BUY,NONE,DEMO,MinQty,0,0,0,0,0,0,0,0,88633.25,88633.3,0,0,20,0,0,0,0,0,0
0,1766322160919,501953000482,rejected,SELL,NONE,DEMO,MinQty,0,0,0,0,0,0,0,0,88633.25,88633.2,0,0,20,0,0,0,0,0,0
0,1766322160939,501953000491,rejected,BUY,NONE,DEMO,MinQty,0,0,0,0,0,0,0,0,88633.25,88633.3,0,0,20,0,0,0,0,0,0
0,1766322160959,501953000513,rejected,SELL,NONE,DEMO,MinQty,0,0,0,0,0,0,0,0,88633.25,88633.2,0,0,20,0,0,0,0,0,0
0,1766322160979,501953000526,rejected,BUY,NONE,DEMO,MinQty,0,0,0,0,0,0,0,0,88633.25,88633.3,0,0,20,0,0,0,0,0,0
0,1766322161000,501953000542,rejected,SELL,NONE,DEMO,MinQty,0,0,0,0,0,0,0,0,88633.25,88633.2,0,0,20,0,0,0,0,0,0
0,1766322161019,501953000561,rejected,BUY,NONE,DEMO,MinQty,0,0,0,0,0,0,0,0,88633.25,88633.3,0,0,20,0,0,0,0,0,0
0,1766322161059,501953000578,rejected,SELL,NONE,DEMO,MinQty,0,0,0,0,0,0,0,0,88633.25,88633.2,0,0,20,0,0,0,0,0,0
0,1766322161079,501953000587,rejected,BUY,NONE,DEMO,MinQty,0,0,0,0,0,0,0,0,88633.25,88633.3,0,0,20,0,0,0,0,0,0
0,1766322161100,501953000599,rejected,SELL,NONE,DEMO,MinQty,0,0,0,0,0,0,0,0,88633.25,88633.2,0,0,20,0,0,0,0,0,0
0,1766322161119,501953000612,rejected,BUY,NONE,DEMO,MinQty,0,0,0,0,0,0,0,0,88633.25,88633.3,0,0,20,0,0,0,0,0,0
0,1766322161242,501953000669,rejected,SELL,NONE,DEMO,MinQty,0,0,0,0,0,0,0,0,88633.25,88633.2,0,0,20,0,0,0,0,0,0
0,1766322161259,501953000712,rejected,BUY,NONE,DEMO,MinQty,0,0,0,0,0,0,0,0,88633.25,88633.3,0,0,20,0,0,0,0,0,0
0,1766322161299,501953000737,rejected,SELL,NONE,DEMO,MinQty,0,0,0,0,0,0,0,0,88633.25,88633.2,0,0,20,0,0,0,0,0,0
0,1766322161339,501953000782,rejected,BUY,NONE,DEMO,MinQty,0,0,0,0,0,0,0,0,88633.25,88633.3,0,0,20,0,0,0,0,0,0
0,1766322161359,501953000826,rejected,SELL,NONE,DEMO,MinQty,0,0,0,0,0,0,0,0,88633.25,88633.2,0,0,20,0,0,0,0,0,0
0,1766322161380,501953000843,rejected,BUY,NONE,DEMO,MinQty,0,0,0,0,0,0,0,0,88633.25,88633.3,0,0,20,0,0,0,0,0,0
0,1766322161399,501953000856,rejected,SELL,NONE,DEMO,MinQty,0,0,0,0,0,0,0,0,88633.25,88633.2,0,0,20,0,0,0,0,0,0
0,1766322161419,501953000880,rejected,BUY,NONE,DEMO,MinQty,0,0,0,0,0,0,0,0,88633.25,88633.3,0,0,20,0,0,0,0,0,0
0,1766322161439,501953001059,rejected,SELL,NONE,DEMO,MinQty,0,0,0,0,0,0,0,0,88633.25,88633.2,0,0,20,0,0,0,0,0,0
0,1766322161459,501953001155,rejected,BUY,NONE,DEMO,MinQty,0,0,0,0,0,0,0,0,88633.25,88633.3,0,0,20,0,0,0,0,0,0
0,1766322161499,501953001401,rejected,SELL,NONE,DEMO,MinQty,0,0,0,0,0,0,0,0,88633.25,88633.2,0,0,20,0,0,0,0,0,0
0,1766322161519,501953001507,rejected,BUY,NONE,DEMO,MinQty,0,0,0,0,0,0,0,0,88633.25,88633.3,0,0,20,0,0,0,0,0,0
0,1766322161559,501953001722,rejected,SELL,NONE,DEMO,MinQty,0,0,0,0,0,0,0,0,88633.25,88633.2,0,0,20,0,0,0,0,0,0
0,1766322161679,501953002369,rejected,BUY,NONE,DEMO,MinQty,0,0,0,0,0,0,0,0,88633.25,88633.3,0,0,20,0,0,0,0,0,0
0,1766322161719,501953002577,rejected,SELL,NONE,DEMO,MinQty,0,0,0,0,0,0,0,0,88633.25,88633.2,0,0,20,0,0,0,0,0,0
0,1766322161739,501953002667,rejected,BUY,NONE,DEMO,MinQty,0,0,0,0,0,0,0,0,88633.25,88633.3,0,0,20,0,0,0,0,0,0
0,1766322161759,501953002791,rejected,SELL,NONE,DEMO,MinQty,0,0,0,0,0,0,0,0,88633.25,88633.2,0,0,20,0,0,0,0,0,0
0,1766322161839,501953003208,rejected,BUY,NONE,DEMO,MinQty,0,0,0,0,0,0,0,0,88633.25,88633.3,0,0,20,0,0,0,0,0,0
0,1766322161999,501953004053,rejected,SELL,NONE,DEMO,MinQty,0,0,0,0,0,0,0,0,88633.25,88633.2,0,0,20,0,0,0,0,0,0
0,1766322162219,501953005178,rejected,BUY,NONE,DEMO,MinQty,0,0,0,0,0,0,0,0,88633.25,88633.3,0,0,20,0,0,0,0,0,0
0,1766322162239,501953005316,rejected,SELL,NONE,DEMO,MinQty,0,0,0,0,0,0,0,0,88633.25,88633.2,0,0,20,0,0,0,0,0,0
0,1766322162379,501953005991,rejected,BUY,NONE,DEMO,MinQty,0,0,0,0,0,0,0,0,88633.25,88633.3,0,0,20,0,0,0,0,0,0
0,1766322162399,501953006134,rejected,SELL,NONE,DEMO,MinQty,0,0,0,0,0,0,0,0,88633.25,88633.2,0,0,20,0,0,0,0,0,0
0,1766322162439,501953006364,rejected,BUY,NONE,DEMO,MinQty,0,0,0,0,0,0,0,0,88633.25,88633.3,0,0,20,0,0,0,0,0,0
0,1766322162459,501953006527,rejected,SELL,NONE,DEMO,MinQty,0,0,0,0,0,0,0,0,88633.25,88633.2,0,0,20,0,0,0,0,0,0
0,1766322162479,501953006639,rejected,BUY,NONE,DEMO,MinQty,0,0,0,0,0,0,0,0,88633.25,88633.3,0,0,20,0,0,0,0,0,0
0,1766322162499,501953006753,rejected,SELL,NONE,DEMO,MinQty,0,0,0,0,0,0,0,0,88633.25,88633.2,0,0,20,0,0,0,0,0,0
0,1766322162519,501953006845,rejected,BUY,NONE,DEMO,MinQty,0,0,0,0,0,0,0,0,88633.25,88633.3,0,0,20,0,0,0,0,0,0
0,1766322162599,501953007219,rejected,SELL,NONE,DEMO,MinQty,0,0,0,0,0,0,0,0,88633.25,88633.2,0,0,20,0,0,0,0,0,0
0,1766322162659,501953007490,rejected,BUY,NONE,DEMO,MinQty,0,0,0,0,0,0,0,0,88633.25,88633.3,0,0,20,0,0,0,0,0,0
0,1766322162719,501953007791,rejected,SELL,NONE,DEMO,MinQty,0,0,0,0,0,0,0,0,88633.25,88633.2,0,0,20,0,0,0,0,0,0
0,1766322162739,501953007891,rejected,BUY,NONE,DEMO,MinQty,0,0,0,0,0,0,0,0,88633.25,88633.3,0,0,20,0,0,0,0,0,0
0,1766322162759,501953007990,rejected,SELL,NONE,DEMO,MinQty,0,0,0,0,0,0,0,0,88633.25,88633.2,0,0,20,0,0,0,0,0,0
0,1766322162779,501953008082,rejected,BUY,NONE,DEMO,MinQty,0,0,0,0,0,0,0,0,88633.25,88633.3,0,0,20,0,0,0,0,0,0
0,1766322162819,501953008281,rejected,SELL,NONE,DEMO,MinQty,0,0,0,0,0,0,0,0,88633.25,88633.2,0,0,20,0,0,0,0,0,0
0,1766322162839,501953008382,rejected,BUY,NONE,DEMO,MinQty,0,0,0,0,0,0,0,0,88633.25,88633.3,0,0,20,0,0,0,0,0,0
0,1766322162919,501953008715,rejected,SELL,NONE,DEMO,MinQty,0,0,0,0,0,0,0,0,88633.25,88633.2,0,0,20,0,0,0,0,0,0
0,1766322162939,501953008829,rejected,BUY,NONE,DEMO,MinQty,0,0,0,0,0,0,0,0,88633.25,88633.3,0,0,20,0,0,0,0,0,0
0,1766322162959,501953008897,rejected,SELL,NONE,DEMO,MinQty,0,0,0,0,0,0,0,0,88633.25,88633.2,0,0,20,0,0,0,0,0,0
0,1766322162999,501953009125,rejected,BUY,NONE,DEMO,MinQty,0,0,0,0,0,0,0,0,88633.25,88633.3,0,0,20,0,0,0,0,0,0
0,1766322163019,501953009224,rejected,SELL,NONE,DEMO,MinQty,0,0,0,0,0,0,0,0,88633.25,88633.2,0,0,20,0,0,0,0,0,0
0,1766322163079,501953009529,rejected,BUY,NONE,DEMO,MinQty,0,0,0,0,0,0,0,0,88633.25,88633.3,0,0,20,0,0,0,0,0,0
0,1766322163099,501953009610,rejected,SELL,NONE,DEMO,MinQty,0,0,0,0,0,0,0,0,88633.25,88633.2,0,0,20,0,0,0,0,0,0
0,1766322163159,501953009920,rejected,BUY,NONE,DEMO,MinQty,0,0,0,0,0,0,0,0,88633.25,88633.3,0,0,20,0,0,0,0,0,0
0,1766322163279,501953010464,rejected,SELL,NONE,DEMO,MinQty,0,0,0,0,0,0,0,0,88633.25,88633.2,0,0,20,0,0,0,0,0,0
0,1766322163299,501953010572,rejected,BUY,NONE,DEMO,MinQty,0,0,0,0,0,0,0,0,88633.25,88633.3,0,0,20,0,0,0,0,0,0
0,1766322163319,501953010663,rejected,SELL,NONE,DEMO,MinQty,0,0,0,0,0,0,0,0,88633.25,88633.2,0,0,20,0,0,0,0,0,0
0,1766322163339,501953010771,rejected,BUY,NONE,DEMO,MinQty,0,0,0,0,0,0,0,0,88633.25,88633.3,0,0,20,0,0,0,0,0,0
0,1766322163359,501953010851,rejected,SELL,NONE,DEMO,MinQty,0,0,0,0,0,0,0,0,88633.25,88633.2,0,0,20,0,0,0,0,0,0
0,1766322163399,501953011085,rejected,BUY,NONE,DEMO,MinQty,0,0,0,0,0,0,0,0,88633.25,88633.3,0,0,20,0,0,0,0,0,0
0,1766322163499,501953011591,rejected,SELL,NONE,DEMO,MinQty,0,0,0,0,0,0,0,0,88633.25,88633.2,0,0,20,0,0,0,0,0,0
0,1766322163519,501953011700,rejected,BUY,NONE,DEMO,MinQty,0,0,0,0,0,0,0,0,88633.25,88633.3,0,0,20,0,0,0,0,0,0
0,1766322163539,501953011816,rejected,SELL,NONE,DEMO,MinQty,0,0,0,0,0,0,0,0,88633.25,88633.2,0,0,20,0,0,0,0,0,0
0,1766322163559,501953011917,rejected,BUY,NONE,DEMO,MinQty,0,0,0,0,0,0,0,0,88633.25,88633.3,0,0,20,0,0,0,0,0,0
0,1766322163579,501953012053,rejected,SELL,NONE,DEMO,MinQty,0,0,0,0,0,0,0,0,88633.25,88633.2,0,0,20,0,0,0,0,0,0
0,1766322163599,501953012108,rejected,BUY,NONE,DEMO,MinQty,0,0,0,0,0,0,0,0,88633.25,88633.3,0,0,20,0,0,0,0,0,0
0,1766322163659,501953013020,rejected,SELL,NONE,DEMO,MinQty,0,0,0,0,0,0,0,0,88637.55,88637.5,0,0,20,0,0,0,0,0,0
0,1766322163679,501953013358,rejected,BUY,NONE,DEMO,MinQty,0,0,0,0,0,0,0,0,88637.55,88637.6,0,0,20,0,0,0,0,0,0
0,1766322163699,501953013587,rejected,SELL,NONE,DEMO,MinQty,0,0,0,0,0,0,0,0,88637.55,88637.5,0,0,20,0,0,0,0,0,0
0,1766322163719,501953013752,rejected,BUY,NONE,DEMO,MinQty,0,0,0,0,0,0,0,0,88637.55,88637.6,0,0,20,0,0,0,0,0,0
0,1766322163739,501953013926,rejected,SELL,NONE,DEMO,MinQty,0,0,0,0,0,0,0,0,88637.55,88637.5,0,0,20,0,0,0,0,0,0
0,1766322163759,501953014011,rejected,BUY,NONE,DEMO,MinQty,0,0,0,0,0,0,0,0,88637.55,88637.6,0,0,20,0,0,0,0,0,0
0,1766322163779,501953014113,rejected,SELL,NONE,DEMO,MinQty,0,0,0,0,0,0,0,0,88637.55,88637.5,0,0,20,0,0,0,0,0,0
0,1766322163799,501953014225,rejected,BUY,NONE,DEMO,MinQty,0,0,0,0,0,0,0,0,88637.55,88637.6,0,0,20,0,0,0,0,0,0
0,1766322163819,501953014336,rejected,SELL,NONE,DEMO,MinQty,0,0,0,0,0,0,0,0,88637.55,88637.5,0,0,20,0,0,0,0,0,0
0,1766322163839,501953014434,rejected,BUY,NONE,DEMO,MinQty,0,0,0,0,0,0,0,0,88637.55,88637.6,0,0,20,0,0,0,0,0,0
0,1766322163879,501953014604,rejected,SELL,NONE,DEMO,MinQty,0,0,0,0,0,0,0,0,88637.55,88637.5,0,0,20,0,0,0,0,0,0
0,1766322163919,501953014766,rejected,BUY,NONE,DEMO,MinQty,0,0,0,0,0,0,0,0,88637.55,88637.6,0,0,20,0,0,0,0,0,0
0,1766322163939,501953014874,rejected,SELL,NONE,DEMO,MinQty,0,0,0,0,0,0,0,0,88637.55,88637.5,0,0,20,0,0,0,0,0,0
0,1766322164019,501953015197,rejected,BUY,NONE,DEMO,MinQty,0,0,0,0,0,0,0,0,88637.55,88637.6,0,0,20,0,0,0,0,0,0
0,1766322164039,501953015284,rejected,SELL,NONE,DEMO,MinQty,0,0,0,0,0,0,0,0,88637.55,88637.5,0,0,20,0,0,0,0,0,0
0,1766322164059,501953015338,rejected,BUY,NONE,DEMO,MinQty,0,0,0,0,0,0,0,0,88637.55,88637.6,0,0,20,0,0,0,0,0,0
0,1766322164079,501953015404,rejected,SELL,NONE,DEMO,MinQty,0,0,0,0,0,0,0,0,88637.55,88637.5,0,0,20,0,0,0,0,0,0
0,1766322164179,501953015762,rejected,BUY,NONE,DEMO,MinQty,0,0,0,0,0,0,0,0,88637.55,88637.6,0,0,20,0,0,0,0,0,0
0,1766322164199,501953015829,rejected,SELL,NONE,DEMO,MinQty,0,0,0,0,0,0,0,0,88637.55,88637.5,0,0,20,0,0,0,0,0,0
0,1766322164219,501953015951,rejected,BUY,NONE,DEMO,MinQty,0,0,0,0,0,0,0,0,88637.55,88637.6,0,0,20,0,0,0,0,0,0
0,1766322164259,501953016081,rejected,SELL,NONE,DEMO,MinQty,0,0,0,0,0,0,0,0,88637.55,88637.5,0,0,20,0,0,0,0,0,0
0,1766322164319,501953016274,rejected,BUY,NONE,DEMO,MinQty,0,0,0,0,0,0,0,0,88637.55,88637.6,0,0,20,0,0,0,0,0,0
0,1766322164339,501953016335,rejected,SELL,NONE,DEMO,MinQty,0,0,0,0,0,0,0,0,88637.55,88637.5,0,0,20,0,0,0,0,0,0
0,1766322164399,501953016599,rejected,BUY,NONE,DEMO,MinQty,0,0,0,0,0,0,0,0,88637.55,88637.6,0,0,20,0,0,0,0,0,0
0,1766322164419,501953016694,rejected,SELL,NONE,DEMO,MinQty,0,0,0,0,0,0,0,0,88637.55,88637.5,0,0,20,0,0,0,0,0,0
0,1766322164439,501953016781,rejected,BUY,NONE,DEMO,MinQty,0,0,0,0,0,0,0,0,88637.55,88637.6,0,0,20,0,0,0,0,0,0
0,1766322164459,501953016846,rejected,SELL,NONE,DEMO,MinQty,0,0,0,0,0,0,0,0,88637.55,88637.5,0,0,20,0,0,0,0,0,0
0,1766322164479,501953016945,rejected,BUY,NONE,DEMO,MinQty,0,0,0,0,0,0,0,0,88637.55,88637.6,0,0,20,0,0,0,0,0,0
0,1766322164499,501953016998,rejected,SELL,NONE,DEMO,MinQty,0,0,0,0,0,0,0,0,88637.55,88637.5,0,0,20,0,0,0,0,0,0
0,1766322164519,501953017024,rejected,BUY,NONE,DEMO,MinQty,0,0,0,0,0,0,0,0,88637.55,88637.6,0,0,20,0,0,0,0,0,0
0,1766322164539,501953017055,rejected,SELL,NONE,DEMO,MinQty,0,0,0,0,0,0,0,0,88637.55,88637.5,0,0,20,0,0,0,0,0,0
0,1766322164559,501953017112,rejected,BUY,NONE,DEMO,MinQty,0,0,0,0,0,0,0,0,88637.55,88637.6,0,0,20,0,0,0,0,0,0
0,1766322164579,501953017142,rejected,SELL,NONE,DEMO,MinQty,0,0,0,0,0,0,0,0,88637.55,88637.5,0,0,20,0,0,0,0,0,0
0,1766322164599,501953017186,rejected,BUY,NONE,DEMO,MinQty,0,0,0,0,0,0,0,0,88637.55,88637.6,0,0,20,0,0,0,0,0,0
0,1766322164619,501953017232,rejected,SELL,NONE,DEMO,MinQty,0,0,0,0,0,0,0,0,88637.55,88637.5,0,0,20,0,0,0,0,0,0
0,1766322164639,501953017270,rejected,BUY,NONE,DEMO,MinQty,0,0,0,0,0,0,0,0,88637.55,88637.6,0,0,20,0,0,0,0,0,0
0,1766322164660,501953017299,rejected,SELL,NONE,DEMO,MinQty,0,0,0,0,0,0,0,0,88637.55,88637.5,0,0,20,0,0,0,0,0,0
0,1766322164679,501953017325,rejected,BUY,NONE,DEMO,MinQty,0,0,0,0,0,0,0,0,88637.55,88637.6,0,0,20,0,0,0,0,0,0
0,1766322164699,501953017351,rejected,SELL,NONE,DEMO,MinQty,0,0,0,0,0,0,0,0,88637.55,88637.5,0,0,20,0,0,0,0,0,0
0,1766322164719,501953017390,rejected,BUY,NONE,DEMO,MinQty,0,0,0,0,0,0,0,0,88637.55,88637.6,0,0,20,0,0,0,0,0,0
0,1766322164739,501953017423,rejected,SELL,NONE,DEMO,MinQty,0,0,0,0,0,0,0,0,88637.55,88637.5,0,0,20,0,0,0,0,0,0
0,1766322164759,501953017451,rejected,BUY,NONE,DEMO,MinQty,0,0,0,0,0,0,0,0,88637.55,88637.6,0,0,20,0,0,0,0,0,0
0,1766322164779,501953017464,rejected,SELL,NONE,DEMO,MinQty,0,0,0,0,0,0,0,0,88637.55,88637.5,0,0,20,0,0,0,0,0,0
0,1766322164819,501953017582,rejected,BUY,NONE,DEMO,MinQty,0,0,0,0,0,0,0,0,88637.55,88637.6,0,0,20,0,0,0,0,0,0
0,1766322164839,501953017611,rejected,SELL,NONE,DEMO,MinQty,0,0,0,0,0,0,0,0,88637.55,88637.5,0,0,20,0,0,0,0,0,0
0,1766322164879,501953017656,rejected,BUY,NONE,DEMO,MinQty,0,0,0,0,0,0,0,0,88637.55,88637.6,0,0,20,0,0,0,0,0,0
0,1766322164900,501953017677,rejected,SELL,NONE,DEMO,MinQty,0,0,0,0,0,0,0,0,88637.55,88637.5,0,0,20,0,0,0,0,0,0
0,1766322164919,501953017707,rejected,BUY,NONE,DEMO,MinQty,0,0,0,0,0,0,0,0,88637.55,88637.6,0,0,20,0,0,0,0,0,0
0,1766322164979,501953017801,rejected,SELL,NONE,DEMO,MinQty,0,0,0,0,0,0,0,0,88637.55,88637.5,0,0,20,0,0,0,0,0,0
0,1766322164999,501953017832,rejected,BUY,NONE,DEMO,MinQty,0,0,0,0,0,0,0,0,88637.55,88637.6,0,0,20,0,0,0,0,0,0
0,1766322165059,501953017917,rejected,SELL,NONE,DEMO,MinQty,0,0,0,0,0,0,0,0,88637.55,88637.5,0,0,20,0,0,0,0,0,0
0,1766322165079,501953017942,rejected,BUY,NONE,DEMO,MinQty,0,0,0,0,0,0,0,0,88637.55,88637.6,0,0,20,0,0,0,0,0,0
0,1766322165099,501953017979,rejected,SELL,NONE,DEMO,MinQty,0,0,0,0,0,0,0,0,88637.55,88637.5,0,0,20,0,0,0,0,0,0
0,1766322165119,501953018048,rejected,BUY,NONE,DEMO,MinQty,0,0,0,0,0,0,0,0,88637.55,88637.6,0,0,20,0,0,0,0,0,0
0,1766322165179,501953018168,rejected,SELL,NONE,DEMO,MinQty,0,0,0,0,0,0,0,0,88637.55,88637.5,0,0,20,0,0,0,0,0,0
0,1766322165199,501953018235,rejected,BUY,NONE,DEMO,MinQty,0,0,0,0,0,0,0,0,88637.55,88637.6,0,0,20,0,0,0,0,0,0
0,1766322165259,501953018465,rejected,SELL,NONE,DEMO,MinQty,0,0,0,0,0,0,0,0,88637.55,88637.5,0,0,20,0,0,0,0,0,0
0,1766322165279,501953018508,rejected,BUY,NONE,DEMO,MinQty,0,0,0,0,0,0,0,0,88637.55,88637.6,0,0,20,0,0,0,0,0,0
0,1766322165299,501953018565,rejected,SELL,NONE,DEMO,MinQty,0,0,0,0,0,0,0,0,88637.55,88637.5,0,0,20,0,0,0,0,0,0
0,1766322165319,501953018616,rejected,BUY,NONE,DEMO,MinQty,0,0,0,0,0,0,0,0,88637.55,88637.6,0,0,20,0,0,0,0,0,0
0,1766322165339,501953018679,rejected,SELL,NONE,DEMO,MinQty,0,0,0,0,0,0,0,0,88637.55,88637.5,0,0,20,0,0,0,0,0,0
0,1766322165359,501953018706,rejected,BUY,NONE,DEMO,MinQty,0,0,0,0,0,0,0,0,88637.55,88637.6,0,0,20,0,0,0,0,0,0
0,1766322165379,501953018839,rejected,SELL,NONE,DEMO,MinQty,0,0,0,0,0,0,0,0,88637.55,88637.5,0,0,20,0,0,0,0,0,0
0,1766322165399,501953019018,rejected,BUY,NONE,DEMO,MinQty,0,0,0,0,0,0,0,0,88637.55,88637.6,0,0,20,0,0,0,0,0,0
0,1766322165419,501953019187,rejected,SELL,NONE,DEMO,MinQty,0,0,0,0,0,0,0,0,88637.55,88637.5,0,0,20,0,0,0,0,0,0
0,1766322165439,501953019357,rejected,BUY,NONE,DEMO,MinQty,0,0,0,0,0,0,0,0,88637.55,88637.6,0,0,20,0,0,0,0,0,0
0,1766322165459,501953019544,rejected,SELL,NONE,DEMO,MinQty,0,0,0,0,0,0,0,0,88637.55,88637.5,0,0,20,0,0,0,0,0,0
0,1766322165499,501953019891,rejected,BUY,NONE,DEMO,MinQty,0,0,0,0,0,0,0,0,88637.55,88637.6,0,0,20,0,0,0,0,0,0
0,1766322165519,501953020172,rejected,SELL,NONE,DEMO,MinQty,0,0,0,0,0,0,0,0,88637.55,88637.5,0,0,20,0,0,0,0,0,0
0,1766322165539,501953020318,rejected,BUY,NONE,DEMO,MinQty,0,0,0,0,0,0,0,0,88637.55,88637.6,0,0,20,0,0,0,0,0,0
0,1766322165559,501953020566,rejected,SELL,NONE,DEMO,MinQty,0,0,0,0,0,0,0,0,88637.55,88637.5,0,0,20,0,0,0,0,0,0
0,1766322165579,501953020900,rejected,BUY,NONE,DEMO,MinQty,0,0,0,0,0,0,0,0,88637.55,88637.6,0,0,20,0,0,0,0,0,0
0,1766322165599,501953021095,rejected,SELL,NONE,DEMO,MinQty,0,0,0,0,0,0,0,0,88637.55,88637.5,0,0,20,0,0,0,0,0,0
0,1766322165619,501953021261,rejected,BUY,NONE,DEMO,MinQty,0,0,0,0,0,0,0,0,88637.55,88637.6,0,0,20,0,0,0,0,0,0
0,1766322165639,501953021512,rejected,SELL,NONE,DEMO,MinQty,0,0,0,0,0,0,0,0,88637.55,88637.5,0,0,20,0,0,0,0,0,0
0,1766322165699,501953022006,rejected,BUY,NONE,DEMO,MinQty,0,0,0,0,0,0,0,0,88637.55,88637.6,0,0,20,0,0,0,0,0,0
0,1766322165719,501953022161,rejected,SELL,NONE,DEMO,MinQty,0,0,0,0,0,0,0,0,88637.55,88637.5,0,0,20,0,0,0,0,0,0
0,1766322165739,501953022393,rejected,BUY,NONE,DEMO,MinQty,0,0,0,0,0,0,0,0,88637.55,88637.6,0,0,20,0,0,0,0,0,0
0,1766322165759,501953022509,rejected,SELL,NONE,DEMO,MinQty,0,0,0,0,0,0,0,0,88637.55,88637.5,0,0,20,0,0,0,0,0,0
0,1766322165779,501953022691,rejected,BUY,NONE,DEMO,MinQty,0,0,0,0,0,0,0,0,88637.55,88637.6,0,0,20,0,0,0,0,0,0
0,1766322165799,501953022786,rejected,SELL,NONE,DEMO,MinQty,0,0,0,0,0,0,0,0,88637.55,88637.5,0,0,20,0,0,0,0,0,0
0,1766322165819,501953022931,rejected,BUY,NONE,DEMO,MinQty,0,0,0,0,0,0,0,0,88637.55,88637.6,0,0,20,0,0,0,0,0,0
0,1766322165839,501953023075,rejected,SELL,NONE,DEMO,MinQty,0,0,0,0,0,0,0,0,88637.55,88637.5,0,0,20,0,0,0,0,0,0
0,1766322165859,501953023214,rejected,BUY,NONE,DEMO,MinQty,0,0,0,0,0,0,0,0,88637.55,88637.6,0,0,20,0,0,0,0,0,0
0,1766322165899,501953023445,rejected,SELL,NONE,DEMO,MinQty,0,0,0,0,0,0,0,0,88637.55,88637.5,0,0,20,0,0,0,0,0,0
0,1766322165919,501953023599,rejected,BUY,NONE,DEMO,MinQty,0,0,0,0,0,0,0,0,88637.55,88637.6,0,0,20,0,0,0,0,0,0
0,1766322165999,501953024100,rejected,SELL,NONE,DEMO,MinQty,0,0,0,0,0,0,0,0,88637.55,88637.5,0,0,20,0,0,0,0,0,0
0,1766322166019,501953024257,rejected,BUY,NONE,DEMO,MinQty,0,0,0,0,0,0,0,0,88637.55,88637.6,0,0,20,0,0,0,0,0,0
0,1766322166059,501953024461,rejected,SELL,NONE,DEMO,MinQty,0,0,0,0,0,0,0,0,88637.55,88637.5,0,0,20,0,0,0,0,0,0
0,1766322166079,501953024572,rejected,BUY,NONE,DEMO,MinQty,0,0,0,0,0,0,0,0,88637.55,88637.6,0,0,20,0,0,0,0,0,0
0,1766322166099,501953024681,rejected,SELL,NONE,DEMO,MinQty,0,0,0,0,0,0,0,0,88637.55,88637.5,0,0,20,0,0,0,0,0,0
0,1766322166119,501953024790,rejected,BUY,NONE,DEMO,MinQty,0,0,0,0,0,0,0,0,88637.55,88637.6,0,0,20,0,0,0,0,0,0
0,1766322166159,501953025030,rejected,SELL,NONE,DEMO,MinQty,0,0,0,0,0,0,0,0,88637.55,88637.5,0,0,20,0,0,0,0,0,0
0,1766322166179,501953025156,rejected,BUY,NONE,DEMO,MinQty,0,0,0,0,0,0,0,0,88637.55,88637.6,0,0,20,0,0,0,0,0,0
0,1766322166199,501953025322,rejected,SELL,NONE,DEMO,MinQty,0,0,0,0,0,0,0,0,88637.55,88637.5,0,0,20,0,0,0,0,0,0
0,1766322166219,501953025405,rejected,BUY,NONE,DEMO,MinQty,0,0,0,0,0,0,0,0,88637.55,88637.6,0,0,20,0,0,0,0,0,0
0,1766322166239,501953025589,rejected,SELL,NONE,DEMO,MinQty,0,0,0,0,0,0,0,0,88637.55,88637.5,0,0,20,0,0,0,0,0,0
0,1766322166259,501953025727,rejected,BUY,NONE,DEMO,MinQty,0,0,0,0,0,0,0,0,88637.55,88637.6,0,0,20,0,0,0,0,0,0
0,1766322166319,501953026114,rejected,SELL,NONE,DEMO,MinQty,0,0,0,0,0,0,0,0,88637.55,88637.5,0,0,20,0,0,0,0,0,0
0,1766322166339,501953026278,rejected,BUY,NONE,DEMO,MinQty,0,0,0,0,0,0,0,0,88637.55,88637.6,0,0,20,0,0,0,0,0,0
0,1766322166359,501953026388,rejected,SELL,NONE,DEMO,MinQty,0,0,0,0,0,0,0,0,88637.55,88637.5,0,0,20,0,0,0,0,0,0
0,1766322166379,501953026553,rejected,BUY,NONE,DEMO,MinQty,0,0,0,0,0,0,0,0,88637.55,88637.6,0,0,20,0,0,0,0,0,0
0,1766322166399,501953026740,rejected,SELL,NONE,DEMO,MinQty,0,0,0,0,0,0,0,0,88637.55,88637.5,0,0,20,0,0,0,0,0,0
0,1766322166419,501953026967,rejected,BUY,NONE,DEMO,MinQty,0,0,0,0,0,0,0,0,88637.55,88637.6,0,0,20,0,0,0,0,0,0
0,1766322166439,501953027216,rejected,SELL,NONE,DEMO,MinQty,0,0,0,0,0,0,0,0,88637.55,88637.5,0,0,20,0,0,0,0,0,0
0,1766322166459,501953027543,rejected,BUY,NONE,DEMO,MinQty,0,0,0,0,0,0,0,0,88637.55,88637.6,0,0,20,0,0,0,0,0,0
0,1766322166479,501953027764,rejected,SELL,NONE,DEMO,MinQty,0,0,0,0,0,0,0,0,88637.55,88637.5,0,0,20,0,0,0,0,0,0
0,1766322166499,501953028739,rejected,BUY,NONE,DEMO,MinQty,0,0,0,0,0,0,0,0,88634.35,88634.4,0,0,20,0,0,0,0,0,0
0,1766322166519,501953030175,rejected,SELL,NONE,DEMO,MinQty,0,0,0,0,0,0,0,0,88633.55,88633.5,0,0,20,0,0,0,0,0,0
0,1766322166539,501953030756,rejected,BUY,NONE,DEMO,MinQty,0,0,0,0,0,0,0,0,88633.55,88633.6,0,0,20,0,0,0,0,0,0
0,1766322166559,501953031159,rejected,SELL,NONE,DEMO,MinQty,0,0,0,0,0,0,0,0,88633.55,88633.5,0,0,20,0,0,0,0,0,0
0,1766322166579,501953031531,rejected,BUY,NONE,DEMO,MinQty,0,0,0,0,0,0,0,0,88633.55,88633.6,0,0,20,0,0,0,0,0,0
0,1766322166599,501953031853,rejected,SELL,NONE,DEMO,MinQty,0,0,0,0,0,0,0,0,88633.55,88633.5,0,0,20,0,0,0,0,0,0
0,1766322166619,501953032211,rejected,BUY,NONE,DEMO,MinQty,0,0,0,0,0,0,0,0,88633.55,88633.6,0,0,20,0,0,0,0,0,0
0,1766322166639,501953032472,rejected,SELL,NONE,DEMO,MinQty,0,0,0,0,0,0,0,0,88633.55,88633.5,0,0,20,0,0,0,0,0,0
0,1766322166659,501953032683,rejected,BUY,NONE,DEMO,MinQty,0,0,0,0,0,0,0,0,88633.55,88633.6,0,0,20,0,0,0,0,0,0
0,1766322166679,501953032842,rejected,SELL,NONE,DEMO,MinQty,0,0,0,0,0,0,0,0,88633.55,88633.5,0,0,20,0,0,0,0,0,0
0,1766322166699,501953033046,rejected,BUY,NONE,DEMO,MinQty,0,0,0,0,0,0,0,0,88633.55,88633.6,0,0,20,0,0,0,0,0,0
0,1766322166719,501953033214,rejected,SELL,NONE,DEMO,MinQty,0,0,0,0,0,0,0,0,88633.55,88633.5,0,0,20,0,0,0,0,0,0
0,1766322166739,501953033424,rejected,BUY,NONE,DEMO,MinQty,0,0,0,0,0,0,0,0,88633.55,88633.6,0,0,20,0,0,0,0,0,0
0,1766322166759,501953033602,rejected,SELL,NONE,DEMO,MinQty,0,0,0,0,0,0,0,0,88633.55,88633.5,0,0,20,0,0,0,0,0,0
0,1766322166779,501953033676,rejected,BUY,NONE,DEMO,MinQty,0,0,0,0,0,0,0,0,88633.55,88633.6,0,0,20,0,0,0,0,0,0
0,1766322166819,501953034036,rejected,SELL,NONE,DEMO,MinQty,0,0,0,0,0,0,0,0,88633.55,88633.5,0,0,20,0,0,0,0,0,0
0,1766322166839,501953034256,rejected,BUY,NONE,DEMO,MinQty,0,0,0,0,0,0,0,0,88633.55,88633.6,0,0,20,0,0,0,0,0,0
0,1766322166859,501953034418,rejected,SELL,NONE,DEMO,MinQty,0,0,0,0,0,0,0,0,88633.55,88633.5,0,0,20,0,0,0,0,0,0
0,1766322166879,501953034603,rejected,BUY,NONE,DEMO,MinQty,0,0,0,0,0,0,0,0,88633.55,88633.6,0,0,20,0,0,0,0,0,0
0,1766322166919,501953034990,rejected,SELL,NONE,DEMO,MinQty,0,0,0,0,0,0,0,0,88633.55,88633.5,0,0,20,0,0,0,0,0,0
0,1766322167019,501953035801,rejected,BUY,NONE,DEMO,MinQty,0,0,0,0,0,0,0,0,88633.55,88633.6,0,0,20,0,0,0,0,0,0
0,1766322167039,501953035931,rejected,SELL,NONE,DEMO,MinQty,0,0,0,0,0,0,0,0,88633.55,88633.5,0,0,20,0,0,0,0,0,0
0,1766322167059,501953036062,rejected,BUY,NONE,DEMO,MinQty,0,0,0,0,0,0,0,0,88633.55,88633.6,0,0,20,0,0,0,0,0,0
0,1766322167079,501953036182,rejected,SELL,NONE,DEMO,MinQty,0,0,0,0,0,0,0,0,88633.55,88633.5,0,0,20,0,0,0,0,0,0
0,1766322167099,501953036340,rejected,BUY,NONE,DEMO,MinQty,0,0,0,0,0,0,0,0,88633.55,88633.6,0,0,20,0,0,0,0,0,0
0,1766322167119,501953036481,rejected,SELL,NONE,DEMO,MinQty,0,0,0,0,0,0,0,0,88633.55,88633.5,0,0,20,0,0,0,0,0,0
0,1766322167139,501953036618,rejected,BUY,NONE,DEMO,MinQty,0,0,0,0,0,0,0,0,88633.55,88633.6,0,0,20,0,0,0,0,0,0
0,1766322167239,501953037210,rejected,SELL,NONE,DEMO,MinQty,0,0,0,0,0,0,0,0,88633.55,88633.5,0,0,20,0,0,0,0,0,0
0,1766322167279,501953037472,rejected,BUY,NONE,DEMO,MinQty,0,0,0,0,0,0,0,0,88633.55,88633.6,0,0,20,0,0,0,0,0,0
0,1766322167359,501953037900,rejected,SELL,NONE,DEMO,MinQty,0,0,0,0,0,0,0,0,88633.55,88633.5,0,0,20,0,0,0,0,0,0
0,1766322167459,501953038651,rejected,BUY,NONE,DEMO,MinQty,0,0,0,0,0,0,0,0,88633.55,88633.6,0,0,20,0,0,0,0,0,0
0,1766322167479,501953038729,rejected,SELL,NONE,DEMO,MinQty,0,0,0,0,0,0,0,0,88633.55,88633.5,0,0,20,0,0,0,0,0,0
0,1766322167499,501953038754,rejected,BUY,NONE,DEMO,MinQty,0,0,0,0,0,0,0,0,88633.55,88633.6,0,0,20,0,0,0,0,0,0
0,1766322167519,501953038791,rejected,SELL,NONE,DEMO,MinQty,0,0,0,0,0,0,0,0,88633.55,88633.5,0,0,20,0,0,0,0,0,0
0,1766322167540,501953038827,rejected,BUY,NONE,DEMO,MinQty,0,0,0,0,0,0,0,0,88633.55,88633.6,0,0,20,0,0,0,0,0,0
0,1766322167580,501953038866,rejected,SELL,NONE,DEMO,MinQty,0,0,0,0,0,0,0,0,88633.55,88633.5,0,0,20,0,0,0,0,0,0
0,1766322167619,501953038924,rejected,BUY,NONE,DEMO,MinQty,0,0,0,0,0,0,0,0,88633.55,88633.6,0,0,20,0,0,0,0,0,0
0,1766322167719,501953039024,rejected,SELL,NONE,DEMO,MinQty,0,0,0,0,0,0,0,0,88633.55,88633.5,0,0,20,0,0,0,0,0,0
0,1766322167739,501953039063,rejected,BUY,NONE,DEMO,MinQty,0,0,0,0,0,0,0,0,88633.55,88633.6,0,0,20,0,0,0,0,0,0
0,1766322167759,501953039079,rejected,SELL,NONE,DEMO,MinQty,0,0,0,0,0,0,0,0,88633.55,88633.5,0,0,20,0,0,0,0,0,0
0,1766322167820,501953039132,rejected,BUY,NONE,DEMO,MinQty,0,0,0,0,0,0,0,0,88633.55,88633.6,0,0,20,0,0,0,0,0,0
0,1766322167839,501953039166,rejected,SELL,NONE,DEMO,MinQty,0,0,0,0,0,0,0,0,88633.55,88633.5,0,0,20,0,0,0,0,0,0
0,1766322167859,501953039323,rejected,BUY,NONE,DEMO,MinQty,0,0,0,0,0,0,0,0,88633.55,88633.6,0,0,20,0,0,0,0,0,0
0,1766322167879,501953039509,rejected,SELL,NONE,DEMO,MinQty,0,0,0,0,0,0,0,0,88633.55,88633.5,0,0,20,0,0,0,0,0,0
0,1766322167899,501953039629,rejected,BUY,NONE,DEMO,MinQty,0,0,0,0,0,0,0,0,88633.55,88633.6,0,0,20,0,0,0,0,0,0
0,1766322167919,501953039860,rejected,SELL,NONE,DEMO,MinQty,0,0,0,0,0,0,0,0,88633.55,88633.5,0,0,20,0,0,0,0,0,0
0,1766322167939,501953040076,rejected,BUY,NONE,DEMO,MinQty,0,0,0,0,0,0,0,0,88633.55,88633.6,0,0,20,0,0,0,0,0,0
0,1766322167959,501953040251,rejected,SELL,NONE,DEMO,MinQty,0,0,0,0,0,0,0,0,88633.55,88633.5,0,0,20,0,0,0,0,0,0
0,1766322168019,501953040733,rejected,BUY,NONE,DEMO,MinQty,0,0,0,0,0,0,0,0,88633.55,88633.6,0,0,20,0,0,0,0,0,0
0,1766322168139,501953041200,rejected,SELL,NONE,DEMO,MinQty,0,0,0,0,0,0,0,0,88633.55,88633.5,0,0,20,0,0,0,0,0,0
0,1766322168159,501953041263,rejected,BUY,NONE,DEMO,MinQty,0,0,0,0,0,0,0,0,88633.55,88633.6,0,0,20,0,0,0,0,0,0
0,1766322168179,501953041314,rejected,SELL,NONE,DEMO,MinQty,0,0,0,0,0,0,0,0,88633.55,88633.5,0,0,20,0,0,0,0,0,0
0,1766322168219,501953041456,rejected,BUY,NONE,DEMO,MinQty,0,0,0,0,0,0,0,0,88633.55,88633.6,0,0,20,0,0,0,0,0,0
0,1766322168239,501953041529,rejected,SELL,NONE,DEMO,MinQty,0,0,0,0,0,0,0,0,88633.55,88633.5,0,0,20,0,0,0,0,0,0
0,1766322168259,501953041579,rejected,BUY,NONE,DEMO,MinQty,0,0,0,0,0,0,0,0,88633.55,88633.6,0,0,20,0,0,0,0,0,0
0,1766322168379,501953041889,rejected,SELL,NONE,DEMO,MinQty,0,0,0,0,0,0,0,0,88633.55,88633.5,0,0,20,0,0,0,0,0,0
0,1766322168399,501953041951,rejected,BUY,NONE,DEMO,MinQty,0,0,0,0,0,0,0,0,88633.55,88633.6,0,0,20,0,0,0,0,0,0
0,1766322168419,501953042010,rejected,SELL,NONE,DEMO,MinQty,0,0,0,0,0,0,0,0,88633.55,88633.5,0,0,20,0,0,0,0,0,0
0,1766322168463,501953042312,rejected,BUY,NONE,DEMO,MinQty,0,0,0,0,0,0,0,0,88633.55,88633.6,0,0,20,0,0,0,0,0,0
0,1766322168479,501953043334,rejected,SELL,NONE,DEMO,MinQty,0,0,0,0,0,0,0,0,88633.25,88633.2,0,0,20,0,0,0,0,0,0
0,1766322168499,501953043526,rejected,BUY,NONE,DEMO,MinQty,0,0,0,0,0,0,0,0,88633.25,88633.3,0,0,20,0,0,0,0,0,0
0,1766322168519,501953043660,rejected,SELL,NONE,DEMO,MinQty,0,0,0,0,0,0,0,0,88633.25,88633.2,0,0,20,0,0,0,0,0,0
0,1766322168539,501953043867,rejected,BUY,NONE,DEMO,MinQty,0,0,0,0,0,0,0,0,88633.25,88633.3,0,0,20,0,0,0,0,0,0
0,1766322168559,501953044035,rejected,SELL,NONE,DEMO,MinQty,0,0,0,0,0,0,0,0,88633.25,88633.2,0,0,20,0,0,0,0,0,0
0,1766322168619,501953044415,rejected,BUY,NONE,DEMO,MinQty,0,0,0,0,0,0,0,0,88633.25,88633.3,0,0,20,0,0,0,0,0,0
0,1766322168639,501953044658,rejected,SELL,NONE,DEMO,MinQty,0,0,0,0,0,0,0,0,88633.25,88633.2,0,0,20,0,0,0,0,0,0
0,1766322168659,501953044834,rejected,BUY,NONE,DEMO,MinQty,0,0,0,0,0,0,0,0,88633.25,88633.3,0,0,20,0,0,0,0,0,0
0,1766322168699,501953045132,rejected,SELL,NONE,DEMO,MinQty,0,0,0,0,0,0,0,0,88633.25,88633.2,0,0,20,0,0,0,0,0,0
0,1766322168719,501953045309,rejected,BUY,NONE,DEMO,MinQty,0,0,0,0,0,0,0,0,88633.25,88633.3,0,0,20,0,0,0,0,0,0
0,1766322168739,501953045446,rejected,SELL,NONE,DEMO,MinQty,0,0,0,0,0,0,0,0,88633.25,88633.2,0,0,20,0,0,0,0,0,0
0,1766322168759,501953045575,rejected,BUY,NONE,DEMO,MinQty,0,0,0,0,0,0,0,0,88633.25,88633.3,0,0,20,0,0,0,0,0,0
0,1766322168779,501953045726,rejected,SELL,NONE,DEMO,MinQty,0,0,0,0,0,0,0,0,88633.25,88633.2,0,0,20,0,0,0,0,0,0
0,1766322168879,501953046525,rejected,BUY,NONE,DEMO,MinQty,0,0,0,0,0,0,0,0,88633.25,88633.3,0,0,20,0,0,0,0,0,0
0,1766322168939,501953047033,rejected,SELL,NONE,DEMO,MinQty,0,0,0,0,0,0,0,0,88633.25,88633.2,0,0,20,0,0,0,0,0,0
0,1766322168979,501953047462,rejected,BUY,NONE,DEMO,MinQty,0,0,0,0,0,0,0,0,88633.25,88633.3,0,0,20,0,0,0,0,0,0
0,1766322168999,501953047693,rejected,SELL,NONE,DEMO,MinQty,0,0,0,0,0,0,0,0,88633.25,88633.2,0,0,20,0,0,0,0,0,0
0,1766322169019,501953047884,rejected,BUY,NONE,DEMO,MinQty,0,0,0,0,0,0,0,0,88633.25,88633.3,0,0,20,0,0,0,0,0,0
0,1766322169059,501953048373,rejected,SELL,NONE,DEMO,MinQty,0,0,0,0,0,0,0,0,88633.25,88633.2,0,0,20,0,0,0,0,0,0
0,1766322169099,501953048767,rejected,BUY,NONE,DEMO,MinQty,0,0,0,0,0,0,0,0,88633.25,88633.3,0,0,20,0,0,0,0,0,0
0,1766322169159,501953049382,rejected,SELL,NONE,DEMO,MinQty,0,0,0,0,0,0,0,0,88633.25,88633.2,0,0,20,0,0,0,0,0,0
0,1766322169359,501953050729,rejected,BUY,NONE,DEMO,MinQty,0,0,0,0,0,0,0,0,88633.25,88633.3,0,0,20,0,0,0,0,0,0
0,1766322169379,501953050855,rejected,SELL,NONE,DEMO,MinQty,0,0,0,0,0,0,0,0,88633.25,88633.2,0,0,20,0,0,0,0,0,0
0,1766322169439,501953051334,rejected,BUY,NONE,DEMO,MinQty,0,0,0,0,0,0,0,0,88633.25,88633.3,0,0,20,0,0,0,0,0,0
0,1766322169459,501953051451,rejected,SELL,NONE,DEMO,MinQty,0,0,0,0,0,0,0,0,88633.25,88633.2,0,0,20,0,0,0,0,0,0
0,1766322169479,501953051523,rejected,BUY,NONE,DEMO,MinQty,0,0,0,0,0,0,0,0,88633.25,88633.3,0,0,20,0,0,0,0,0,0
0,1766322169499,501953051697,rejected,SELL,NONE,DEMO,MinQty,0,0,0,0,0,0,0,0,88633.25,88633.2,0,0,20,0,0,0,0,0,0
0,1766322169519,501953051825,rejected,BUY,NONE,DEMO,MinQty,0,0,0,0,0,0,0,0,88633.25,88633.3,0,0,20,0,0,0,0,0,0
0,1766322169639,501953052786,rejected,SELL,NONE,DEMO,MinQty,0,0,0,0,0,0,0,0,88633.25,88633.2,0,0,20,0,0,0,0,0,0
0,1766322169679,501953053046,rejected,BUY,NONE,DEMO,MinQty,0,0,0,0,0,0,0,0,88633.25,88633.3,0,0,20,0,0,0,0,0,0
0,1766322169719,501953053283,rejected,SELL,NONE,DEMO,MinQty,0,0,0,0,0,0,0,0,88633.25,88633.2,0,0,20,0,0,0,0,0,0
0,1766322169739,501953053466,rejected,BUY,NONE,DEMO,MinQty,0,0,0,0,0,0,0,0,88633.25,88633.3,0,0,20,0,0,0,0,0,0
0,1766322169779,501953053746,rejected,SELL,NONE,DEMO,MinQty,0,0,0,0,0,0,0,0,88633.25,88633.2,0,0,20,0,0,0,0,0,0
0,1766322169799,501953054103,rejected,BUY,NONE,DEMO,MinQty,0,0,0,0,0,0,0,0,88633.25,88633.3,0,0,20,0,0,0,0,0,0
0,1766322169819,501953054544,rejected,SELL,NONE,DEMO,MinQty,0,0,0,0,0,0,0,0,88631.1,88630.6,0,0,20,0,0,0,0,0,0
0,1766322169839,501953056603,rejected,BUY,NONE,DEMO,MinQty,0,0,0,0,0,0,0,0,88630.45,88630.5,0,0,20,0,0,0,0,0,0
0,1766322169859,501953056923,rejected,SELL,NONE,DEMO,MinQty,0,0,0,0,0,0,0,0,88630.45,88630.4,0,0,20,0,0,0,0,0,0
0,1766322169879,501953057177,rejected,BUY,NONE,DEMO,MinQty,0,0,0,0,0,0,0,0,88630.45,88630.5,0,0,20,0,0,0,0,0,0
0,1766322169901,501953057459,rejected,SELL,NONE,DEMO,MinQty,0,0,0,0,0,0,0,0,88630.45,88630.4,0,0,20,0,0,0,0,0,0
0,1766322169919,501953057725,rejected,BUY,NONE,DEMO,MinQty,0,0,0,0,0,0,0,0,88630.45,88630.5,0,0,20,0,0,0,0,0,0
0,1766322169939,501953057946,rejected,SELL,NONE,DEMO,MinQty,0,0,0,0,0,0,0,0,88630.45,88630.4,0,0,20,0,0,0,0,0,0
0,1766322169959,501953058160,rejected,BUY,NONE,DEMO,MinQty,0,0,0,0,0,0,0,0,88630.45,88630.5,0,0,20,0,0,0,0,0,0
0,1766322169979,501953058383,rejected,SELL,NONE,DEMO,MinQty,0,0,0,0,0,0,0,0,88630.45,88630.4,0,0,20,0,0,0,0,0,0
0,1766322169999,501953058588,rejected,BUY,NONE,DEMO,MinQty,0,0,0,0,0,0,0,0,88630.45,88630.5,0,0,20,0,0,0,0,0,0
0,1766322170019,501953058813,rejected,SELL,NONE,DEMO,MinQty,0,0,0,0,0,0,0,0,88630.45,88630.4,0,0,20,0,0,0,0,0,0
0,1766322170039,501953059034,rejected,BUY,NONE,DEMO,MinQty,0,0,0,0,0,0,0,0,88630.45,88630.5,0,0,20,0,0,0,0,0,0
0,1766322170059,501953059259,rejected,SELL,NONE,DEMO,MinQty,0,0,0,0,0,0,0,0,88630.45,88630.4,0,0,20,0,0,0,0,0,0
0,1766322170079,501953059492,rejected,BUY,NONE,DEMO,MinQty,0,0,0,0,0,0,0,0,88630.45,88630.5,0,0,20,0,0,0,0,0,0
0,1766322170099,501953059688,rejected,SELL,NONE,DEMO,MinQty,0,0,0,0,0,0,0,0,88630.45,88630.4,0,0,20,0,0,0,0,0,0
0,1766322170119,501953059964,rejected,BUY,NONE,DEMO,MinQty,0,0,0,0,0,0,0,0,88630.45,88630.5,0,0,20,0,0,0,0,0,0
0,1766322170139,501953060170,rejected,SELL,NONE,DEMO,MinQty,0,0,0,0,0,0,0,0,88630.45,88630.4,0,0,20,0,0,0,0,0,0
0,1766322170159,501953060287,rejected,BUY,NONE,DEMO,MinQty,0,0,0,0,0,0,0,0,88630.45,88630.5,0,0,20,0,0,0,0,0,0
0,1766322170179,501953060423,rejected,SELL,NONE,DEMO,MinQty,0,0,0,0,0,0,0,0,88630.45,88630.4,0,0,20,0,0,0,0,0,0
0,1766322170219,501953060719,rejected,BUY,NONE,DEMO,MinQty,0,0,0,0,0,0,0,0,88630.45,88630.5,0,0,20,0,0,0,0,0,0
0,1766322170239,501953060833,rejected,SELL,NONE,DEMO,MinQty,0,0,0,0,0,0,0,0,88630.45,88630.4,0,0,20,0,0,0,0,0,0
0,1766322170279,501953061021,rejected,BUY,NONE,DEMO,MinQty,0,0,0,0,0,0,0,0,88630.45,88630.5,0,0,20,0,0,0,0,0,0
0,1766322170299,501953061145,rejected,SELL,NONE,DEMO,MinQty,0,0,0,0,0,0,0,0,88630.45,88630.4,0,0,20,0,0,0,0,0,0
0,1766322170319,501953061255,rejected,BUY,NONE,DEMO,MinQty,0,0,0,0,0,0,0,0,88630.45,88630.5,0,0,20,0,0,0,0,0,0
0,1766322170339,501953061348,rejected,SELL,NONE,DEMO,MinQty,0,0,0,0,0,0,0,0,88630.45,88630.4,0,0,20,0,0,0,0,0,0
0,1766322170359,501953061455,rejected,BUY,NONE,DEMO,MinQty,0,0,0,0,0,0,0,0,88630.45,88630.5,0,0,20,0,0,0,0,0,0
0,1766322170459,501953061955,rejected,SELL,NONE,DEMO,MinQty,0,0,0,0,0,0,0,0,88630.45,88630.4,0,0,20,0,0,0,0,0,0
0,1766322170479,501953062058,rejected,BUY,NONE,DEMO,MinQty,0,0,0,0,0,0,0,0,88630.45,88630.5,0,0,20,0,0,0,0,0,0
0,1766322170519,501953062355,rejected,SELL,NONE,DEMO,MinQty,0,0,0,0,0,0,0,0,88630.45,88630.4,0,0,20,0,0,0,0,0,0
0,1766322170539,501953062507,rejected,BUY,NONE,DEMO,MinQty,0,0,0,0,0,0,0,0,88630.45,88630.5,0,0,20,0,0,0,0,0,0
0,1766322170559,501953062654,rejected,SELL,NONE,DEMO,MinQty,0,0,0,0,0,0,0,0,88630.45,88630.4,0,0,20,0,0,0,0,0,0
0,1766322170599,501953062953,rejected,BUY,NONE,DEMO,MinQty,0,0,0,0,0,0,0,0,88630.45,88630.5,0,0,20,0,0,0,0,0,0
0,1766322170619,501953063078,rejected,SELL,NONE,DEMO,MinQty,0,0,0,0,0,0,0,0,88630.45,88630.4,0,0,20,0,0,0,0,0,0
0,1766322170679,501953063529,rejected,BUY,NONE,DEMO,MinQty,0,0,0,0,0,0,0,0,88630.45,88630.5,0,0,20,0,0,0,0,0,0
0,1766322170699,501953063700,rejected,SELL,NONE,DEMO,MinQty,0,0,0,0,0,0,0,0,88630.45,88630.4,0,0,20,0,0,0,0,0,0
0,1766322170719,501953063895,rejected,BUY,NONE,DEMO,MinQty,0,0,0,0,0,0,0,0,88630.45,88630.5,0,0,20,0,0,0,0,0,0
0,1766322170739,501953064081,rejected,SELL,NONE,DEMO,MinQty,0,0,0,0,0,0,0,0,88630.45,88630.4,0,0,20,0,0,0,0,0,0
0,1766322170779,501953064469,rejected,BUY,NONE,DEMO,MinQty,0,0,0,0,0,0,0,0,88630.45,88630.5,0,0,20,0,0,0,0,0,0
0,1766322170839,501953064868,rejected,SELL,NONE,DEMO,MinQty,0,0,0,0,0,0,0,0,88630.45,88630.4,0,0,20,0,0,0,0,0,0
0,1766322170899,501953065248,rejected,BUY,NONE,DEMO,MinQty,0,0,0,0,0,0,0,0,88630.45,88630.5,0,0,20,0,0,0,0,0,0
0,1766322170919,501953065370,rejected,SELL,NONE,DEMO,MinQty,0,0,0,0,0,0,0,0,88630.45,88630.4,0,0,20,0,0,0,0,0,0
0,1766322170939,501953065583,rejected,BUY,NONE,DEMO,MinQty,0,0,0,0,0,0,0,0,88630.45,88630.5,0,0,20,0,0,0,0,0,0
0,1766322170959,501953065758,rejected,SELL,NONE,DEMO,MinQty,0,0,0,0,0,0,0,0,88630.45,88630.4,0,0,20,0,0,0,0,0,0
0,1766322171039,501953066473,rejected,BUY,NONE,DEMO,MinQty,0,0,0,0,0,0,0,0,88630.45,88630.5,0,0,20,0,0,0,0,0,0
0,1766322171079,501953066856,rejected,SELL,NONE,DEMO,MinQty,0,0,0,0,0,0,0,0,88630.45,88630.4,0,0,20,0,0,0,0,0,0
0,1766322171119,501953067416,rejected,BUY,NONE,DEMO,MinQty,0,0,0,0,0,0,0,0,88630.45,88630.5,0,0,20,0,0,0,0,0,0
0,1766322171139,501953067770,rejected,SELL,NONE,DEMO,MinQty,0,0,0,0,0,0,0,0,88630.45,88630.4,0,0,20,0,0,0,0,0,0
0,1766322171179,501953068044,rejected,BUY,NONE,DEMO,MinQty,0,0,0,0,0,0,0,0,88630.45,88630.5,0,0,20,0,0,0,0,0,0
0,1766322171219,501953068288,rejected,SELL,NONE,DEMO,MinQty,0,0,0,0,0,0,0,0,88630.45,88630.4,0,0,20,0,0,0,0,0,0
0,1766322171299,501953068759,rejected,BUY,NONE,DEMO,MinQty,0,0,0,0,0,0,0,0,88630.45,88630.5,0,0,20,0,0,0,0,0,0
0,1766322171319,501953068881,rejected,SELL,NONE,DEMO,MinQty,0,0,0,0,0,0,0,0,88630.45,88630.4,0,0,20,0,0,0,0,0,0
0,1766322171339,501953069126,rejected,BUY,NONE,DEMO,MinQty,0,0,0,0,0,0,0,0,88630.45,88630.5,0,0,20,0,0,0,0,0,0
0,1766322171359,501953069315,rejected,SELL,NONE,DEMO,MinQty,0,0,0,0,0,0,0,0,88630.45,88630.4,0,0,20,0,0,0,0,0,0
0,1766322171439,501953069983,rejected,BUY,NONE,DEMO,MinQty,0,0,0,0,0,0,0,0,88630.45,88630.5,0,0,20,0,0,0,0,0,0
0,1766322171459,501953070133,rejected,SELL,NONE,DEMO,MinQty,0,0,0,0,0,0,0,0,88630.45,88630.4,0,0,20,0,0,0,0,0,0
0,1766322171479,501953070337,rejected,BUY,NONE,DEMO,MinQty,0,0,0,0,0,0,0,0,88630.45,88630.5,0,0,20,0,0,0,0,0,0
0,1766322171499,501953070525,rejected,SELL,NONE,DEMO,MinQty,0,0,0,0,0,0,0,0,88630.45,88630.4,0,0,20,0,0,0,0,0,0
0,1766322171519,501953070791,rejected,BUY,NONE,DEMO,MinQty,0,0,0,0,0,0,0,0,88630.45,88630.5,0,0,20,0,0,0,0,0,0
0,1766322171559,501953071070,rejected,SELL,NONE,DEMO,MinQty,0,0,0,0,0,0,0,0,88630.45,88630.4,0,0,20,0,0,0,0,0,0
0,1766322171579,501953071223,rejected,BUY,NONE,DEMO,MinQty,0,0,0,0,0,0,0,0,88630.45,88630.5,0,0,20,0,0,0,0,0,0
0,1766322171599,501953071348,rejected,SELL,NONE,DEMO,MinQty,0,0,0,0,0,0,0,0,88630.45,88630.4,0,0,20,0,0,0,0,0,0
0,1766322171719,501953072109,rejected,BUY,NONE,DEMO,MinQty,0,0,0,0,0,0,0,0,88630.45,88630.5,0,0,20,0,0,0,0,0,0
0,1766322171739,501953072225,rejected,SELL,NONE,DEMO,MinQty,0,0,0,0,0,0,0,0,88630.45,88630.4,0,0,20,0,0,0,0,0,0
0,1766322171759,501953072302,rejected,BUY,NONE,DEMO,MinQty,0,0,0,0,0,0,0,0,88630.45,88630.5,0,0,20,0,0,0,0,0,0
0,1766322171839,501953072794,rejected,SELL,NONE,DEMO,MinQty,0,0,0,0,0,0,0,0,88630.45,88630.4,0,0,20,0,0,0,0,0,0
0,1766322171999,501953073958,rejected,BUY,NONE,DEMO,MinQty,0,0,0,0,0,0,0,0,88630.45,88630.5,0,0,20,0,0,0,0,0,0
0,1766322172019,501953074163,rejected,SELL,NONE,DEMO,MinQty,0,0,0,0,0,0,0,0,88630.45,88630.4,0,0,20,0,0,0,0,0,0
0,1766322172039,501953074377,rejected,BUY,NONE,DEMO,MinQty,0,0,0,0,0,0,0,0,88630.45,88630.5,0,0,20,0,0,0,0,0,0
0,1766322172059,501953074496,rejected,SELL,NONE,DEMO,MinQty,0,0,0,0,0,0,0,0,88630.45,88630.4,0,0,20,0,0,0,0,0,0
0,1766322172079,501953074781,rejected,BUY,NONE,DEMO,MinQty,0,0,0,0,0,0,0,0,88630.45,88630.5,0,0,20,0,0,0,0,0,0
0,1766322172099,501953074968,rejected,SELL,NONE,DEMO,MinQty,0,0,0,0,0,0,0,0,88630.45,88630.4,0,0,20,0,0,0,0,0,0
0,1766322172119,501953075167,rejected,BUY,NONE,DEMO,MinQty,0,0,0,0,0,0,0,0,88630.45,88630.5,0,0,20,0,0,0,0,0,0
0,1766322172219,501953075883,rejected,SELL,NONE,DEMO,MinQty,0,0,0,0,0,0,0,0,88630.45,88630.4,0,0,20,0,0,0,0,0,0
0,1766322172339,501953076638,rejected,BUY,NONE,DEMO,MinQty,0,0,0,0,0,0,0,0,88630.45,88630.5,0,0,20,0,0,0,0,0,0
0,1766322172579,501953077923,rejected,SELL,NONE,DEMO,MinQty,0,0,0,0,0,0,0,0,88630.45,88630.4,0,0,20,0,0,0,0,0,0
0,1766322172639,501953078422,rejected,BUY,NONE,DEMO,MinQty,0,0,0,0,0,0,0,0,88630.45,88630.5,0,0,20,0,0,0,0,0,0
0,1766322172659,501953078522,rejected,SELL,NONE,DEMO,MinQty,0,0,0,0,0,0,0,0,88630.45,88630.4,0,0,20,0,0,0,0,0,0
0,1766322172839,501953079550,rejected,BUY,NONE,DEMO,MinQty,0,0,0,0,0,0,0,0,88630.45,88630.5,0,0,20,0,0,0,0,0,0
0,1766322172859,501953079584,rejected,SELL,NONE,DEMO,MinQty,0,0,0,0,0,0,0,0,88630.45,88630.4,0,0,20,0,0,0,0,0,0
0,1766322172879,501953079697,rejected,BUY,NONE,DEMO,MinQty,0,0,0,0,0,0,0,0,88630.45,88630.5,0,0,20,0,0,0,0,0,0
0,1766322173019,501953080757,rejected,SELL,NONE,DEMO,MinQty,0,0,0,0,0,0,0,0,88630.45,88630.4,0,0,20,0,0,0,0,0,0
0,1766322173039,501953080928,rejected,BUY,NONE,DEMO,MinQty,0,0,0,0,0,0,0,0,88630.45,88630.5,0,0,20,0,0,0,0,0,0
0,1766322173079,501953081272,rejected,SELL,NONE,DEMO,MinQty,0,0,0,0,0,0,0,0,88630.45,88630.4,0,0,20,0,0,0,0,0,0
0,1766322173139,501953081924,rejected,BUY,NONE,DEMO,MinQty,0,0,0,0,0,0,0,0,88630.45,88630.5,0,0,20,0,0,0,0,0,0
0,1766322173159,501953082115,rejected,SELL,NONE,DEMO,MinQty,0,0,0,0,0,0,0,0,88630.45,88630.4,0,0,20,0,0,0,0,0,0
0,1766322173179,501953082260,rejected,BUY,NONE,DEMO,MinQty,0,0,0,0,0,0,0,0,88630.45,88630.5,0,0,20,0,0,0,0,0,0
0,1766322173200,501953082314,rejected,SELL,NONE,DEMO,MinQty,0,0,0,0,0,0,0,0,88630.45,88630.4,0,0,20,0,0,0,0,0,0
0,1766322173219,501953082396,rejected,BUY,NONE,DEMO,MinQty,0,0,0,0,0,0,0,0,88630.45,88630.5,0,0,20,0,0,0,0,0,0
0,1766322173239,501953082498,rejected,SELL,NONE,DEMO,MinQty,0,0,0,0,0,0,0,0,88630.45,88630.4,0,0,20,0,0,0,0,0,0
0,1766322173259,501953082542,rejected,BUY,NONE,DEMO,MinQty,0,0,0,0,0,0,0,0,88630.45,88630.5,0,0,20,0,0,0,0,0,0
0,1766322173279,501953082564,rejected,SELL,NONE,DEMO,MinQty,0,0,0,0,0,0,0,0,88630.45,88630.4,0,0,20,0,0,0,0,0,0
0,1766322173300,501953082600,rejected,BUY,NONE,DEMO,MinQty,0,0,0,0,0,0,0,0,88630.45,88630.5,0,0,20,0,0,0,0,0,0
0,1766322173319,501953082649,rejected,SELL,NONE,DEMO,MinQty,0,0,0,0,0,0,0,0,88630.45,88630.4,0,0,20,0,0,0,0,0,0
0,1766322173439,501953082735,rejected,BUY,NONE,DEMO,MinQty,0,0,0,0,0,0,0,0,88630.45,88630.5,0,0,20,0,0,0,0,0,0
0,1766322173499,501953082782,rejected,SELL,NONE,DEMO,MinQty,0,0,0,0,0,0,0,0,88630.45,88630.4,0,0,20,0,0,0,0,0,0
0,1766322173520,501953082807,rejected,BUY,NONE,DEMO,MinQty,0,0,0,0,0,0,0,0,88630.45,88630.5,0,0,20,0,0,0,0,0,0
0,1766322173539,501953082832,rejected,SELL,NONE,DEMO,MinQty,0,0,0,0,0,0,0,0,88630.45,88630.4,0,0,20,0,0,0,0,0,0
0,1766322173560,501953082841,rejected,BUY,NONE,DEMO,MinQty,0,0,0,0,0,0,0,0,88630.45,88630.5,0,0,20,0,0,0,0,0,0
0,1766322173580,501953082851,rejected,SELL,NONE,DEMO,MinQty,0,0,0,0,0,0,0,0,88630.45,88630.4,0,0,20,0,0,0,0,0,0
0,1766322173600,501953082860,rejected,BUY,NONE,DEMO,MinQty,0,0,0,0,0,0,0,0,88630.45,88630.5,0,0,20,0,0,0,0,0,0
0,1766322173639,501953082891,rejected,SELL,NONE,DEMO,MinQty,0,0,0,0,0,0,0,0,88630.45,88630.4,0,0,20,0,0,0,0,0,0
0,1766322173660,501953082911,rejected,BUY,NONE,DEMO,MinQty,0,0,0,0,0,0,0,0,88630.45,88630.5,0,0,20,0,0,0,0,0,0
0,1766322173679,501953082919,rejected,SELL,NONE,DEMO,MinQty,0,0,0,0,0,0,0,0,88630.45,88630.4,0,0,20,0,0,0,0,0,0
0,1766322173719,501953082945,rejected,BUY,NONE,DEMO,MinQty,0,0,0,0,0,0,0,0,88630.45,88630.5,0,0,20,0,0,0,0,0,0
0,1766322173759,501953082970,rejected,SELL,NONE,DEMO,MinQty,0,0,0,0,0,0,0,0,88630.45,88630.4,0,0,20,0,0,0,0,0,0
0,1766322173819,501953083003,rejected,BUY,NONE,DEMO,MinQty,0,0,0,0,0,0,0,0,88630.45,88630.5,0,0,20,0,0,0,0,0,0
0,1766322173839,501953083213,rejected,SELL,NONE,DEMO,MinQty,0,0,0,0,0,0,0,0,88630.45,88630.4,0,0,20,0,0,0,0,0,0
0,1766322173859,501953083339,rejected,BUY,NONE,DEMO,MinQty,0,0,0,0,0,0,0,0,88630.45,88630.5,0,0,20,0,0,0,0,0,0
0,1766322173879,501953083475,rejected,SELL,NONE,DEMO,MinQty,0,0,0,0,0,0,0,0,88630.45,88630.4,0,0,20,0,0,0,0,0,0
0,1766322173919,501953083721,rejected,BUY,NONE,DEMO,MinQty,0,0,0,0,0,0,0,0,88630.45,88630.5,0,0,20,0,0,0,0,0,0
0,1766322173939,501953083833,rejected,SELL,NONE,DEMO,MinQty,0,0,0,0,0,0,0,0,88630.45,88630.4,0,0,20,0,0,0,0,0,0
0,1766322173959,501953083962,rejected,BUY,NONE,DEMO,MinQty,0,0,0,0,0,0,0,0,88630.45,88630.5,0,0,20,0,0,0,0,0,0
0,1766322173999,501953084152,rejected,SELL,NONE,DEMO,MinQty,0,0,0,0,0,0,0,0,88630.45,88630.4,0,0,20,0,0,0,0,0,0
0,1766322174019,501953084379,rejected,BUY,NONE,DEMO,MinQty,0,0,0,0,0,0,0,0,88630.45,88630.5,0,0,20,0,0,0,0,0,0
0,1766322174039,501953084477,rejected,SELL,NONE,DEMO,MinQty,0,0,0,0,0,0,0,0,88630.45,88630.4,0,0,20,0,0,0,0,0,0
0,1766322174059,501953084696,rejected,BUY,NONE,DEMO,MinQty,0,0,0,0,0,0,0,0,88630.45,88630.5,0,0,20,0,0,0,0,0,0
0,1766322174079,501953085061,rejected,SELL,NONE,DEMO,MinQty,0,0,0,0,0,0,0,0,88630.45,88630.4,0,0,20,0,0,0,0,0,0
0,1766322174099,501953085877,rejected,BUY,NONE,DEMO,MinQty,0,0,0,0,0,0,0,0,88631.15,88631.2,0,0,20,0,0,0,0,0,0
0,1766322174119,501953086685,rejected,SELL,NONE,DEMO,MinQty,0,0,0,0,0,0,0,0,88631.15,88631.1,0,0,20,0,0,0,0,0,0
0,1766322174139,501953087137,rejected,BUY,NONE,DEMO,MinQty,0,0,0,0,0,0,0,0,88631.15,88631.2,0,0,20,0,0,0,0,0,0
0,1766322174159,501953087638,rejected,SELL,NONE,DEMO,MinQty,0,0,0,0,0,0,0,0,88631.95,88631.9,0,0,20,0,0,0,0,0,0
0,1766322174179,501953088596,rejected,BUY,NONE,DEMO,MinQty,0,0,0,0,0,0,0,0,88631.95,88632,0,0,20,0,0,0,0,0,0
0,1766322174199,501953088926,rejected,SELL,NONE,DEMO,MinQty,0,0,0,0,0,0,0,0,88631.95,88631.9,0,0,20,0,0,0,0,0,0
0,1766322174219,501953089257,rejected,BUY,NONE,DEMO,MinQty,0,0,0,0,0,0,0,0,88631.95,88632,0,0,20,0,0,0,0,0,0
0,1766322174239,501953089599,rejected,SELL,NONE,DEMO,MinQty,0,0,0,0,0,0,0,0,88631.95,88631.9,0,0,20,0,0,0,0,0,0
0,1766322174279,501953090087,rejected,BUY,NONE,DEMO,MinQty,0,0,0,0,0,0,0,0,88631.95,88632,0,0,20,0,0,0,0,0,0
0,1766322174299,501953090394,rejected,SELL,NONE,DEMO,MinQty,0,0,0,0,0,0,0,0,88631.95,88631.9,0,0,20,0,0,0,0,0,0
0,1766322174319,501953090739,rejected,BUY,NONE,DEMO,MinQty,0,0,0,0,0,0,0,0,88631.95,88632,0,0,20,0,0,0,0,0,0
0,1766322174339,501953091034,rejected,SELL,NONE,DEMO,MinQty,0,0,0,0,0,0,0,0,88631.95,88631.9,0,0,20,0,0,0,0,0,0
0,1766322174359,501953091291,rejected,BUY,NONE,DEMO,MinQty,0,0,0,0,0,0,0,0,88631.95,88632,0,0,20,0,0,0,0,0,0
0,1766322174379,501953091525,rejected,SELL,NONE,DEMO,MinQty,0,0,0,0,0,0,0,0,88631.95,88631.9,0,0,20,0,0,0,0,0,0
0,1766322174399,501953091823,rejected,BUY,NONE,DEMO,MinQty,0,0,0,0,0,0,0,0,88631.95,88632,0,0,20,0,0,0,0,0,0
0,1766322174419,501953092059,rejected,SELL,NONE,DEMO,MinQty,0,0,0,0,0,0,0,0,88631.95,88631.9,0,0,20,0,0,0,0,0,0
0,1766322174439,501953092301,rejected,BUY,NONE,DEMO,MinQty,0,0,0,0,0,0,0,0,88631.95,88632,0,0,20,0,0,0,0,0,0
0,1766322174459,501953092565,rejected,SELL,NONE,DEMO,MinQty,0,0,0,0,0,0,0,0,88631.95,88631.9,0,0,20,0,0,0,0,0,0
0,1766322174479,501953092756,rejected,BUY,NONE,DEMO,MinQty,0,0,0,0,0,0,0,0,88631.95,88632,0,0,20,0,0,0,0,0,0
0,1766322174499,501953093033,rejected,SELL,NONE,DEMO,MinQty,0,0,0,0,0,0,0,0,88631.95,88631.9,0,0,20,0,0,0,0,0,0
0,1766322174519,501953093298,rejected,BUY,NONE,DEMO,MinQty,0,0,0,0,0,0,0,0,88631.95,88632,0,0,20,0,0,0,0,0,0
0,1766322174539,501953094432,rejected,SELL,NONE,DEMO,MinQty,0,0,0,0,0,0,0,0,88633.25,88633.2,0,0,20,0,0,0,0,0,0
0,1766322174559,501953095849,rejected,BUY,NONE,DEMO,MinQty,0,0,0,0,0,0,0,0,88637.65,88637.7,0,0,20,0,0,0,0,0,0
0,1766322174579,501953097071,rejected,SELL,NONE,DEMO,MinQty,0,0,0,0,0,0,0,0,88637.65,88637.6,0,0,20,0,0,0,0,0,0
0,1766322174599,501953097219,rejected,BUY,NONE,DEMO,MinQty,0,0,0,0,0,0,0,0,88637.65,88637.7,0,0,20,0,0,0,0,0,0
0,1766322174619,501953097330,rejected,SELL,NONE,DEMO,MinQty,0,0,0,0,0,0,0,0,88637.65,88637.6,0,0,20,0,0,0,0,0,0
0,1766322174639,501953097486,rejected,BUY,NONE,DEMO,MinQty,0,0,0,0,0,0,0,0,88637.65,88637.7,0,0,20,0,0,0,0,0,0
0,1766322174659,501953097579,rejected,SELL,NONE,DEMO,MinQty,0,0,0,0,0,0,0,0,88637.65,88637.6,0,0,20,0,0,0,0,0,0
0,1766322174679,501953097686,rejected,BUY,NONE,DEMO,MinQty,0,0,0,0,0,0,0,0,88637.65,88637.7,0,0,20,0,0,0,0,0,0
0,1766322174699,501953097781,rejected,SELL,NONE,DEMO,MinQty,0,0,0,0,0,0,0,0,88637.65,88637.6,0,0,20,0,0,0,0,0,0
0,1766322174719,501953097864,rejected,BUY,NONE,DEMO,MinQty,0,0,0,0,0,0,0,0,88637.65,88637.7,0,0,20,0,0,0,0,0,0
0,1766322174739,501953097934,rejected,SELL,NONE,DEMO,MinQty,0,0,0,0,0,0,0,0,88637.65,88637.6,0,0,20,0,0,0,0,0,0
0,1766322174759,501953098020,rejected,BUY,NONE,DEMO,MinQty,0,0,0,0,0,0,0,0,88637.65,88637.7,0,0,20,0,0,0,0,0,0
0,1766322174779,501953098072,rejected,SELL,NONE,DEMO,MinQty,0,0,0,0,0,0,0,0,88637.65,88637.6,0,0,20,0,0,0,0,0,0
0,1766322174799,501953098207,rejected,BUY,NONE,DEMO,MinQty,0,0,0,0,0,0,0,0,88637.65,88637.7,0,0,20,0,0,0,0,0,0
0,1766322174819,501953098353,rejected,SELL,NONE,DEMO,MinQty,0,0,0,0,0,0,0,0,88637.65,88637.6,0,0,20,0,0,0,0,0,0
0,1766322174839,501953098515,rejected,BUY,NONE,DEMO,MinQty,0,0,0,0,0,0,0,0,88637.65,88637.7,0,0,20,0,0,0,0,0,0
0,1766322174859,501953098661,rejected,SELL,NONE,DEMO,MinQty,0,0,0,0,0,0,0,0,88637.65,88637.6,0,0,20,0,0,0,0,0,0
0,1766322174879,501953098821,rejected,BUY,NONE,DEMO,MinQty,0,0,0,0,0,0,0,0,88637.65,88637.7,0,0,20,0,0,0,0,0,0
0,1766322174899,501953098958,rejected,SELL,NONE,DEMO,MinQty,0,0,0,0,0,0,0,0,88637.65,88637.6,0,0,20,0,0,0,0,0,0
0,1766322174919,501953099078,rejected,BUY,NONE,DEMO,MinQty,0,0,0,0,0,0,0,0,88637.65,88637.7,0,0,20,0,0,0,0,0,0
0,1766322174959,501953099395,rejected,SELL,NONE,DEMO,MinQty,0,0,0,0,0,0,0,0,88637.65,88637.6,0,0,20,0,0,0,0,0,0
0,1766322174979,501953099546,rejected,BUY,NONE,DEMO,MinQty,0,0,0,0,0,0,0,0,88637.65,88637.7,0,0,20,0,0,0,0,0,0
0,1766322174999,501953099697,rejected,SELL,NONE,DEMO,MinQty,0,0,0,0,0,0,0,0,88637.65,88637.6,0,0,20,0,0,0,0,0,0
0,1766322175019,501953099760,rejected,BUY,NONE,DEMO,MinQty,0,0,0,0,0,0,0,0,88637.65,88637.7,0,0,20,0,0,0,0,0,0
0,1766322175059,501953099996,rejected,SELL,NONE,DEMO,MinQty,0,0,0,0,0,0,0,0,88637.65,88637.6,0,0,20,0,0,0,0,0,0
0,1766322175119,501953100082,rejected,BUY,NONE,DEMO,MinQty,0,0,0,0,0,0,0,0,88637.65,88637.7,0,0,20,0,0,0,0,0,0
0,1766322175139,501953100157,rejected,SELL,NONE,DEMO,MinQty,0,0,0,0,0,0,0,0,88637.65,88637.6,0,0,20,0,0,0,0,0,0
0,1766322175159,501953100185,rejected,BUY,NONE,DEMO,MinQty,0,0,0,0,0,0,0,0,88637.65,88637.7,0,0,20,0,0,0,0,0,0
0,1766322175179,501953100212,rejected,SELL,NONE,DEMO,MinQty,0,0,0,0,0,0,0,0,88637.65,88637.6,0,0,20,0,0,0,0,0,0
0,1766322175199,501953100242,rejected,BUY,NONE,DEMO,MinQty,0,0,0,0,0,0,0,0,88637.65,88637.7,0,0,20,0,0,0,0,0,0
0,1766322175219,501953100278,rejected,SELL,NONE,DEMO,MinQty,0,0,0,0,0,0,0,0,88637.65,88637.6,0,0,20,0,0,0,0,0,0
0,1766322175239,501953100316,rejected,BUY,NONE,DEMO,MinQty,0,0,0,0,0,0,0,0,88637.65,88637.7,0,0,20,0,0,0,0,0,0
0,1766322175280,501953100363,rejected,SELL,NONE,DEMO,MinQty,0,0,0,0,0,0,0,0,88637.65,88637.6,0,0,20,0,0,0,0,0,0
0,1766322175319,501953100424,rejected,BUY,NONE,DEMO,MinQty,0,0,0,0,0,0,0,0,88637.65,88637.7,0,0,20,0,0,0,0,0,0
0,1766322175380,501953100488,rejected,SELL,NONE,DEMO,MinQty,0,0,0,0,0,0,0,0,88637.65,88637.6,0,0,20,0,0,0,0,0,0
0,1766322175399,501953100505,rejected,BUY,NONE,DEMO,MinQty,0,0,0,0,0,0,0,0,88637.65,88637.7,0,0,20,0,0,0,0,0,0
0,1766322175419,501953100532,rejected,SELL,NONE,DEMO,MinQty,0,0,0,0,0,0,0,0,88637.65,88637.6,0,0,20,0,0,0,0,0,0
0,1766322175440,501953100561,rejected,BUY,NONE,DEMO,MinQty,0,0,0,0,0,0,0,0,88637.65,88637.7,0,0,20,0,0,0,0,0,0
0,1766322175459,501953100586,rejected,SELL,NONE,DEMO,MinQty,0,0,0,0,0,0,0,0,88637.65,88637.6,0,0,20,0,0,0,0,0,0
0,1766322175499,501953100736,rejected,BUY,NONE,DEMO,MinQty,0,0,0,0,0,0,0,0,88637.65,88637.7,0,0,20,0,0,0,0,0,0
0,1766322175519,501953101486,rejected,SELL,NONE,DEMO,MinQty,0,0,0,0,0,0,0,0,88637.65,88637.6,0,0,20,0,0,0,0,0,0
0,1766322175539,501953102729,rejected,BUY,NONE,DEMO,MinQty,0,0,0,0,0,0,0,0,88639.85,88639.9,0,0,20,0,0,0,0,0,0
0,1766322175559,501953103745,rejected,SELL,NONE,DEMO,MinQty,0,0,0,0,0,0,0,0,88640.45,88640.4,0,0,20,0,0,0,0,0,0
0,1766322175579,501953104060,rejected,BUY,NONE,DEMO,MinQty,0,0,0,0,0,0,0,0,88640.45,88640.5,0,0,20,0,0,0,0,0,0
0,1766322175599,501953104278,rejected,SELL,NONE,DEMO,MinQty,0,0,0,0,0,0,0,0,88640.45,88640.4,0,0,20,0,0,0,0,0,0
0,1766322175619,501953105261,rejected,BUY,NONE,DEMO,MinQty,0,0,0,0,0,0,0,0,88640.45,88640.5,0,0,20,0,0,0,0,0,0
0,1766322175639,501953105533,rejected,SELL,NONE,DEMO,MinQty,0,0,0,0,0,0,0,0,88640.45,88640.4,0,0,20,0,0,0,0,0,0
0,1766322175659,501953105902,rejected,BUY,NONE,DEMO,MinQty,0,0,0,0,0,0,0,0,88640.45,88640.5,0,0,20,0,0,0,0,0,0
0,1766322175679,501953106165,rejected,SELL,NONE,DEMO,MinQty,0,0,0,0,0,0,0,0,88640.45,88640.4,0,0,20,0,0,0,0,0,0
0,1766322175699,501953106386,rejected,BUY,NONE,DEMO,MinQty,0,0,0,0,0,0,0,0,88640.45,88640.5,0,0,20,0,0,0,0,0,0
0,1766322175719,501953106603,rejected,SELL,NONE,DEMO,MinQty,0,0,0,0,0,0,0,0,88640.45,88640.4,0,0,20,0,0,0,0,0,0
0,1766322175739,501953106827,rejected,BUY,NONE,DEMO,MinQty,0,0,0,0,0,0,0,0,88640.45,88640.5,0,0,20,0,0,0,0,0,0
0,1766322175759,501953106932,rejected,SELL,NONE,DEMO,MinQty,0,0,0,0,0,0,0,0,88640.45,88640.4,0,0,20,0,0,0,0,0,0
0,1766322175779,501953107184,rejected,BUY,NONE,DEMO,MinQty,0,0,0,0,0,0,0,0,88640.45,88640.5,0,0,20,0,0,0,0,0,0
0,1766322175799,501953107391,rejected,SELL,NONE,DEMO,MinQty,0,0,0,0,0,0,0,0,88640.45,88640.4,0,0,20,0,0,0,0,0,0
0,1766322175819,501953107511,rejected,BUY,NONE,DEMO,MinQty,0,0,0,0,0,0,0,0,88640.45,88640.5,0,0,20,0,0,0,0,0,0
0,1766322175839,501953107671,rejected,SELL,NONE,DEMO,MinQty,0,0,0,0,0,0,0,0,88640.45,88640.4,0,0,20,0,0,0,0,0,0
0,1766322175859,501953107793,rejected,BUY,NONE,DEMO,MinQty,0,0,0,0,0,0,0,0,88640.45,88640.5,0,0,20,0,0,0,0,0,0
0,1766322175879,501953107938,rejected,SELL,NONE,DEMO,MinQty,0,0,0,0,0,0,0,0,88640.45,88640.4,0,0,20,0,0,0,0,0,0
0,1766322175899,501953108031,rejected,BUY,NONE,DEMO,MinQty,0,0,0,0,0,0,0,0,88640.45,88640.5,0,0,20,0,0,0,0,0,0
0,1766322175919,501953108185,rejected,SELL,NONE,DEMO,MinQty,0,0,0,0,0,0,0,0,88640.45,88640.4,0,0,20,0,0,0,0,0,0
0,1766322175939,501953108301,rejected,BUY,NONE,DEMO,MinQty,0,0,0,0,0,0,0,0,88640.45,88640.5,0,0,20,0,0,0,0,0,0
0,1766322175979,501953108510,rejected,SELL,NONE,DEMO,MinQty,0,0,0,0,0,0,0,0,88640.45,88640.4,0,0,20,0,0,0,0,0,0
0,1766322176019,501953108725,rejected,BUY,NONE,DEMO,MinQty,0,0,0,0,0,0,0,0,88640.45,88640.5,0,0,20,0,0,0,0,0,0
0,1766322176039,501953108855,rejected,SELL,NONE,DEMO,MinQty,0,0,0,0,0,0,0,0,88640.45,88640.4,0,0,20,0,0,0,0,0,0
0,1766322176059,501953109014,rejected,BUY,NONE,DEMO,MinQty,0,0,0,0,0,0,0,0,88640.45,88640.5,0,0,20,0,0,0,0,0,0
0,1766322176079,501953109133,rejected,SELL,NONE,DEMO,MinQty,0,0,0,0,0,0,0,0,88640.45,88640.4,0,0,20,0,0,0,0,0,0
0,1766322176119,501953109284,rejected,BUY,NONE,DEMO,MinQty,0,0,0,0,0,0,0,0,88640.45,88640.5,0,0,20,0,0,0,0,0,0
0,1766322176139,501953109403,rejected,SELL,NONE,DEMO,MinQty,0,0,0,0,0,0,0,0,88640.45,88640.4,0,0,20,0,0,0,0,0,0
0,1766322176159,501953109467,rejected,BUY,NONE,DEMO,MinQty,0,0,0,0,0,0,0,0,88640.45,88640.5,0,0,20,0,0,0,0,0,0
0,1766322176179,501953109565,rejected,SELL,NONE,DEMO,MinQty,0,0,0,0,0,0,0,0,88640.45,88640.4,0,0,20,0,0,0,0,0,0
0,1766322176199,501953109637,rejected,BUY,NONE,DEMO,MinQty,0,0,0,0,0,0,0,0,88640.45,88640.5,0,0,20,0,0,0,0,0,0
0,1766322176219,501953109714,rejected,SELL,NONE,DEMO,MinQty,0,0,0,0,0,0,0,0,88640.45,88640.4,0,0,20,0,0,0,0,0,0
0,1766322176239,501953109803,rejected,BUY,NONE,DEMO,MinQty,0,0,0,0,0,0,0,0,88640.45,88640.5,0,0,20,0,0,0,0,0,0
0,1766322176279,501953109938,rejected,SELL,NONE,DEMO,MinQty,0,0,0,0,0,0,0,0,88640.45,88640.4,0,0,20,0,0,0,0,0,0
0,1766322176319,501953110094,rejected,BUY,NONE,DEMO,MinQty,0,0,0,0,0,0,0,0,88640.45,88640.5,0,0,20,0,0,0,0,0,0
0,1766322176339,501953110177,rejected,SELL,NONE,DEMO,MinQty,0,0,0,0,0,0,0,0,88640.45,88640.4,0,0,20,0,0,0,0,0,0
0,1766322176359,501953110358,rejected,BUY,NONE,DEMO,MinQty,0,0,0,0,0,0,0,0,88640.45,88640.5,0,0,20,0,0,0,0,0,0
0,1766322176379,501953110480,rejected,SELL,NONE,DEMO,MinQty,0,0,0,0,0,0,0,0,88640.45,88640.4,0,0,20,0,0,0,0,0,0
0,1766322176399,501953110551,rejected,BUY,NONE,DEMO,MinQty,0,0,0,0,0,0,0,0,88640.45,88640.5,0,0,20,0,0,0,0,0,0
0,1766322176419,501953110638,rejected,SELL,NONE,DEMO,MinQty,0,0,0,0,0,0,0,0,88640.45,88640.4,0,0,20,0,0,0,0,0,0
0,1766322176439,501953110709,rejected,BUY,NONE,DEMO,MinQty,0,0,0,0,0,0,0,0,88640.45,88640.5,0,0,20,0,0,0,0,0,0
0,1766322176459,501953110790,rejected,SELL,NONE,DEMO,MinQty,0,0,0,0,0,0,0,0,88640.45,88640.4,0,0,20,0,0,0,0,0,0
0,1766322176479,501953110851,rejected,BUY,NONE,DEMO,MinQty,0,0,0,0,0,0,0,0,88640.45,88640.5,0,0,20,0,0,0,0,0,0
0,1766322176499,501953110913,rejected,SELL,NONE,DEMO,MinQty,0,0,0,0,0,0,0,0,88640.45,88640.4,0,0,20,0,0,0,0,0,0
0,1766322176519,501953111062,rejected,BUY,NONE,DEMO,MinQty,0,0,0,0,0,0,0,0,88640.45,88640.5,0,0,20,0,0,0,0,0,0
0,1766322176539,501953111363,rejected,SELL,NONE,DEMO,MinQty,0,0,0,0,0,0,0,0,88640.45,88640.4,0,0,20,0,0,0,0,0,0
0,1766322176559,501953111449,rejected,BUY,NONE,DEMO,MinQty,0,0,0,0,0,0,0,0,88640.45,88640.5,0,0,20,0,0,0,0,0,0
0,1766322176599,501953111556,rejected,SELL,NONE,DEMO,MinQty,0,0,0,0,0,0,0,0,88640.45,88640.4,0,0,20,0,0,0,0,0,0
0,1766322176619,501953111709,rejected,BUY,NONE,DEMO,MinQty,0,0,0,0,0,0,0,0,88640.45,88640.5,0,0,20,0,0,0,0,0,0
0,1766322176639,501953111786,rejected,SELL,NONE,DEMO,MinQty,0,0,0,0,0,0,0,0,88640.45,88640.4,0,0,20,0,0,0,0,0,0
0,1766322176679,501953111898,rejected,BUY,NONE,DEMO,MinQty,0,0,0,0,0,0,0,0,88640.45,88640.5,0,0,20,0,0,0,0,0,0
0,1766322176699,501953111963,rejected,SELL,NONE,DEMO,MinQty,0,0,0,0,0,0,0,0,88640.45,88640.4,0,0,20,0,0,0,0,0,0
0,1766322176719,501953112025,rejected,BUY,NONE,DEMO,MinQty,0,0,0,0,0,0,0,0,88640.45,88640.5,0,0,20,0,0,0,0,0,0
0,1766322176779,501953112250,rejected,SELL,NONE,DEMO,MinQty,0,0,0,0,0,0,0,0,88640.45,88640.4,0,0,20,0,0,0,0,0,0
0,1766322176799,501953112339,rejected,BUY,NONE,DEMO,MinQty,0,0,0,0,0,0,0,0,88640.45,88640.5,0,0,20,0,0,0,0,0,0
0,1766322176819,501953112395,rejected,SELL,NONE,DEMO,MinQty,0,0,0,0,0,0,0,0,88640.45,88640.4,0,0,20,0,0,0,0,0,0
0,1766322176859,501953112524,rejected,BUY,NONE,DEMO,MinQty,0,0,0,0,0,0,0,0,88640.45,88640.5,0,0,20,0,0,0,0,0,0
0,1766322176879,501953112591,rejected,SELL,NONE,DEMO,MinQty,0,0,0,0,0,0,0,0,88640.45,88640.4,0,0,20,0,0,0,0,0,0
0,1766322176939,501953112756,rejected,BUY,NONE,DEMO,MinQty,0,0,0,0,0,0,0,0,88640.45,88640.5,0,0,20,0,0,0,0,0,0
0,1766322177019,501953112977,rejected,SELL,NONE,DEMO,MinQty,0,0,0,0,0,0,0,0,88640.45,88640.4,0,0,20,0,0,0,0,0,0
0,1766322177039,501953113058,rejected,BUY,NONE,DEMO,MinQty,0,0,0,0,0,0,0,0,88640.45,88640.5,0,0,20,0,0,0,0,0,0
0,1766322177099,501953113285,rejected,SELL,NONE,DEMO,MinQty,0,0,0,0,0,0,0,0,88640.45,88640.4,0,0,20,0,0,0,0,0,0
0,1766322177119,501953113367,rejected,BUY,NONE,DEMO,MinQty,0,0,0,0,0,0,0,0,88640.45,88640.5,0,0,20,0,0,0,0,0,0
0,1766322177139,501953113449,rejected,SELL,NONE,DEMO,MinQty,0,0,0,0,0,0,0,0,88640.45,88640.4,0,0,20,0,0,0,0,0,0
0,1766322177159,501953113539,rejected,BUY,NONE,DEMO,MinQty,0,0,0,0,0,0,0,0,88640.45,88640.5,0,0,20,0,0,0,0,0,0
0,1766322177199,501953113664,rejected,SELL,NONE,DEMO,MinQty,0,0,0,0,0,0,0,0,88640.45,88640.4,0,0,20,0,0,0,0,0,0
0,1766322177219,501953113742,rejected,BUY,NONE,DEMO,MinQty,0,0,0,0,0,0,0,0,88640.45,88640.5,0,0,20,0,0,0,0,0,0
0,1766322177239,501953113813,rejected,SELL,NONE,DEMO,MinQty,0,0,0,0,0,0,0,0,88640.45,88640.4,0,0,20,0,0,0,0,0,0
0,1766322177259,501953113869,rejected,BUY,NONE,DEMO,MinQty,0,0,0,0,0,0,0,0,88640.45,88640.5,0,0,20,0,0,0,0,0,0
0,1766322177379,501953114213,rejected,SELL,NONE,DEMO,MinQty,0,0,0,0,0,0,0,0,88640.45,88640.4,0,0,20,0,0,0,0,0,0
0,1766322177399,501953114258,rejected,BUY,NONE,DEMO,MinQty,0,0,0,0,0,0,0,0,88640.45,88640.5,0,0,20,0,0,0,0,0,0
0,1766322177419,501953114301,rejected,SELL,NONE,DEMO,MinQty,0,0,0,0,0,0,0,0,88640.45,88640.4,0,0,20,0,0,0,0,0,0
0,1766322177439,501953114394,rejected,BUY,NONE,DEMO,MinQty,0,0,0,0,0,0,0,0,88640.45,88640.5,0,0,20,0,0,0,0,0,0
0,1766322177479,501953114548,rejected,SELL,NONE,DEMO,MinQty,0,0,0,0,0,0,0,0,88640.45,88640.4,0,0,20,0,0,0,0,0,0
0,1766322177499,501953114628,rejected,BUY,NONE,DEMO,MinQty,0,0,0,0,0,0,0,0,88640.45,88640.5,0,0,20,0,0,0,0,0,0
0,1766322177519,501953114695,rejected,SELL,NONE,DEMO,MinQty,0,0,0,0,0,0,0,0,88640.45,88640.4,0,0,20,0,0,0,0,0,0
0,1766322177539,501953114752,rejected,BUY,NONE,DEMO,MinQty,0,0,0,0,0,0,0,0,88640.45,88640.5,0,0,20,0,0,0,0,0,0
0,1766322177559,501953114796,rejected,SELL,NONE,DEMO,MinQty,0,0,0,0,0,0,0,0,88640.45,88640.4,0,0,20,0,0,0,0,0,0
0,1766322177619,501953114954,rejected,BUY,NONE,DEMO,MinQty,0,0,0,0,0,0,0,0,88640.45,88640.5,0,0,20,0,0,0,0,0,0
0,1766322177659,501953115145,rejected,SELL,NONE,DEMO,MinQty,0,0,0,0,0,0,0,0,88640.45,88640.4,0,0,20,0,0,0,0,0,0
0,1766322177679,501953115238,rejected,BUY,NONE,DEMO,MinQty,0,0,0,0,0,0,0,0,88640.45,88640.5,0,0,20,0,0,0,0,0,0
0,1766322177719,501953115354,rejected,SELL,NONE,DEMO,MinQty,0,0,0,0,0,0,0,0,88640.45,88640.4,0,0,20,0,0,0,0,0,0
0,1766322177739,501953115403,rejected,BUY,NONE,DEMO,MinQty,0,0,0,0,0,0,0,0,88640.45,88640.5,0,0,20,0,0,0,0,0,0
0,1766322177759,501953115468,rejected,SELL,NONE,DEMO,MinQty,0,0,0,0,0,0,0,0,88640.45,88640.4,0,0,20,0,0,0,0,0,0
0,1766322177799,501953115643,rejected,BUY,NONE,DEMO,MinQty,0,0,0,0,0,0,0,0,88640.45,88640.5,0,0,20,0,0,0,0,0,0
0,1766322177819,501953115755,rejected,SELL,NONE,DEMO,MinQty,0,0,0,0,0,0,0,0,88640.45,88640.4,0,0,20,0,0,0,0,0,0
0,1766322177839,501953115861,rejected,BUY,NONE,DEMO,MinQty,0,0,0,0,0,0,0,0,88640.45,88640.5,0,0,20,0,0,0,0,0,0
0,1766322177859,501953115916,rejected,SELL,NONE,DEMO,MinQty,0,0,0,0,0,0,0,0,88640.45,88640.4,0,0,20,0,0,0,0,0,0
0,1766322177879,501953115963,rejected,BUY,NONE,DEMO,MinQty,0,0,0,0,0,0,0,0,88640.45,88640.5,0,0,20,0,0,0,0,0,0
0,1766322177899,501953116011,rejected,SELL,NONE,DEMO,MinQty,0,0,0,0,0,0,0,0,88640.45,88640.4,0,0,20,0,0,0,0,0,0
0,1766322177919,501953116050,rejected,BUY,NONE,DEMO,MinQty,0,0,0,0,0,0,0,0,88640.45,88640.5,0,0,20,0,0,0,0,0,0
0,1766322177939,501953116105,rejected,SELL,NONE,DEMO,MinQty,0,0,0,0,0,0,0,0,88640.45,88640.4,0,0,20,0,0,0,0,0,0
0,1766322177960,501953116144,rejected,BUY,NONE,DEMO,MinQty,0,0,0,0,0,0,0,0,88640.45,88640.5,0,0,20,0,0,0,0,0,0
0,1766322177979,501953116168,rejected,SELL,NONE,DEMO,MinQty,0,0,0,0,0,0,0,0,88640.45,88640.4,0,0,20,0,0,0,0,0,0
0,1766322177999,501953116186,rejected,BUY,NONE,DEMO,MinQty,0,0,0,0,0,0,0,0,88640.45,88640.5,0,0,20,0,0,0,0,0,0
0,1766322178019,501953116223,rejected,SELL,NONE,DEMO,MinQty,0,0,0,0,0,0,0,0,88640.45,88640.4,0,0,20,0,0,0,0,0,0
0,1766322178039,501953116245,rejected,BUY,NONE,DEMO,MinQty,0,0,0,0,0,0,0,0,88640.45,88640.5,0,0,20,0,0,0,0,0,0
0,1766322178079,501953116281,rejected,SELL,NONE,DEMO,MinQty,0,0,0,0,0,0,0,0,88640.45,88640.4,0,0,20,0,0,0,0,0,0
0,1766322178119,501953116306,rejected,BUY,NONE,DEMO,MinQty,0,0,0,0,0,0,0,0,88640.45,88640.5,0,0,20,0,0,0,0,0,0
0,1766322178139,501953116326,rejected,SELL,NONE,DEMO,MinQty,0,0,0,0,0,0,0,0,88640.45,88640.4,0,0,20,0,0,0,0,0,0
0,1766322178159,501953116338,rejected,BUY,NONE,DEMO,MinQty,0,0,0,0,0,0,0,0,88640.45,88640.5,0,0,20,0,0,0,0,0,0
0,1766322178179,501953116365,rejected,SELL,NONE,DEMO,MinQty,0,0,0,0,0,0,0,0,88640.45,88640.4,0,0,20,0,0,0,0,0,0
0,1766322178219,501953116399,rejected,BUY,NONE,DEMO,MinQty,0,0,0,0,0,0,0,0,88640.45,88640.5,0,0,20,0,0,0,0,0,0
0,1766322178239,501953116463,rejected,SELL,NONE,DEMO,MinQty,0,0,0,0,0,0,0,0,88640.45,88640.4,0,0,20,0,0,0,0,0,0
0,1766322178280,501953116491,rejected,BUY,NONE,DEMO,MinQty,0,0,0,0,0,0,0,0,88640.45,88640.5,0,0,20,0,0,0,0,0,0
0,1766322178339,501953116541,rejected,SELL,NONE,DEMO,MinQty,0,0,0,0,0,0,0,0,88640.45,88640.4,0,0,20,0,0,0,0,0,0
0,1766322178479,501953116639,rejected,BUY,NONE,DEMO,MinQty,0,0,0,0,0,0,0,0,88640.45,88640.5,0,0,20,0,0,0,0,0,0
0,1766322178499,501953116656,rejected,SELL,NONE,DEMO,MinQty,0,0,0,0,0,0,0,0,88640.45,88640.4,0,0,20,0,0,0,0,0,0
0,1766322178540,501953116726,rejected,BUY,NONE,DEMO,MinQty,0,0,0,0,0,0,0,0,88640.45,88640.5,0,0,20,0,0,0,0,0,0
0,1766322178560,501953116805,rejected,SELL,NONE,DEMO,MinQty,0,0,0,0,0,0,0,0,88640.45,88640.4,0,0,20,0,0,0,0,0,0
0,1766322178579,501953116813,rejected,BUY,NONE,DEMO,MinQty,0,0,0,0,0,0,0,0,88640.45,88640.5,0,0,20,0,0,0,0,0,0
0,1766322178599,501953116835,rejected,SELL,NONE,DEMO,MinQty,0,0,0,0,0,0,0,0,88640.45,88640.4,0,0,20,0,0,0,0,0,0
0,1766322178619,501953116858,rejected,BUY,NONE,DEMO,MinQty,0,0,0,0,0,0,0,0,88640.45,88640.5,0,0,20,0,0,0,0,0,0
0,1766322178659,501953116944,rejected,SELL,NONE,DEMO,MinQty,0,0,0,0,0,0,0,0,88640.45,88640.4,0,0,20,0,0,0,0,0,0
0,1766322178720,501953117049,rejected,BUY,NONE,DEMO,MinQty,0,0,0,0,0,0,0,0,88640.45,88640.5,0,0,20,0,0,0,0,0,0
0,1766322178759,501953117099,rejected,SELL,NONE,DEMO,MinQty,0,0,0,0,0,0,0,0,88640.45,88640.4,0,0,20,0,0,0,0,0,0
0,1766322178780,501953117134,rejected,BUY,NONE,DEMO,MinQty,0,0,0,0,0,0,0,0,88640.45,88640.5,0,0,20,0,0,0,0,0,0
0,1766322178819,501953117195,rejected,SELL,NONE,DEMO,MinQty,0,0,0,0,0,0,0,0,88640.45,88640.4,0,0,20,0,0,0,0,0,0
0,1766322178879,501953117277,rejected,BUY,NONE,DEMO,MinQty,0,0,0,0,0,0,0,0,88640.45,88640.5,0,0,20,0,0,0,0,0,0
0,1766322178899,501953117316,rejected,SELL,NONE,DEMO,MinQty,0,0,0,0,0,0,0,0,88640.45,88640.4,0,0,20,0,0,0,0,0,0
0,1766322178919,501953117338,rejected,BUY,NONE,DEMO,MinQty,0,0,0,0,0,0,0,0,88640.45,88640.5,0,0,20,0,0,0,0,0,0
0,1766322179040,501953117489,rejected,SELL,NONE,DEMO,MinQty,0,0,0,0,0,0,0,0,88640.45,88640.4,0,0,20,0,0,0,0,0,0
0,1766322179059,501953117525,rejected,BUY,NONE,DEMO,MinQty,0,0,0,0,0,0,0,0,88640.45,88640.5,0,0,20,0,0,0,0,0,0
0,1766322179180,501953117672,rejected,SELL,NONE,DEMO,MinQty,0,0,0,0,0,0,0,0,88640.45,88640.4,0,0,20,0,0,0,0,0,0
0,1766322179200,501953117692,rejected,BUY,NONE,DEMO,MinQty,0,0,0,0,0,0,0,0,88640.45,88640.5,0,0,20,0,0,0,0,0,0
0,1766322179259,501953117798,rejected,SELL,NONE,DEMO,MinQty,0,0,0,0,0,0,0,0,88640.45,88640.4,0,0,20,0,0,0,0,0,0
0,1766322179279,501953117814,rejected,BUY,NONE,DEMO,MinQty,0,0,0,0,0,0,0,0,88640.45,88640.5,0,0,20,0,0,0,0,0,0
0,1766322179359,501953117926,rejected,SELL,NONE,DEMO,MinQty,0,0,0,0,0,0,0,0,88640.45,88640.4,0,0,20,0,0,0,0,0,0
0,1766322179379,501953117963,rejected,BUY,NONE,DEMO,MinQty,0,0,0,0,0,0,0,0,88640.45,88640.5,0,0,20,0,0,0,0,0,0
0,1766322179479,501953118194,rejected,SELL,NONE,DEMO,MinQty,0,0,0,0,0,0,0,0,88640.45,88640.4,0,0,20,0,0,0,0,0,0
0,1766322179540,501953118269,rejected,BUY,NONE,DEMO,MinQty,0,0,0,0,0,0,0,0,88640.45,88640.5,0,0,20,0,0,0,0,0,0
0,1766322179559,501953118276,rejected,SELL,NONE,DEMO,MinQty,0,0,0,0,0,0,0,0,88640.45,88640.4,0,0,20,0,0,0,0,0,0
0,1766322179619,501953118344,rejected,BUY,NONE,DEMO,MinQty,0,0,0,0,0,0,0,0,88640.45,88640.5,0,0,20,0,0,0,0,0,0
0,1766322179719,501953118441,rejected,SELL,NONE,DEMO,MinQty,0,0,0,0,0,0,0,0,88640.45,88640.4,0,0,20,0,0,0,0,0,0
0,1766322179740,501953118472,rejected,BUY,NONE,DEMO,MinQty,0,0,0,0,0,0,0,0,88640.45,88640.5,0,0,20,0,0,0,0,0,0
0,1766322179779,501953118521,rejected,SELL,NONE,DEMO,MinQty,0,0,0,0,0,0,0,0,88640.45,88640.4,0,0,20,0,0,0,0,0,0
0,1766322179819,501953118553,rejected,BUY,NONE,DEMO,MinQty,0,0,0,0,0,0,0,0,88640.45,88640.5,0,0,20,0,0,0,0,0,0
0,1766322179839,501953118578,rejected,SELL,NONE,DEMO,MinQty,0,0,0,0,0,0,0,0,88640.45,88640.4,0,0,20,0,0,0,0,0,0
0,1766322179859,501953118607,rejected,BUY,NONE,DEMO,MinQty,0,0,0,0,0,0,0,0,88640.45,88640.5,0,0,20,0,0,0,0,0,0
0,1766322179879,501953118661,rejected,SELL,NONE,DEMO,MinQty,0,0,0,0,0,0,0,0,88640.45,88640.4,0,0,20,0,0,0,0,0,0
0,1766322180060,501953118808,rejected,BUY,NONE,DEMO,MinQty,0,0,0,0,0,0,0,0,88640.45,88640.5,0,0,20,0,0,0,0,0,0
0,1766322180079,501953118854,rejected,SELL,NONE,DEMO,MinQty,0,0,0,0,0,0,0,0,88640.45,88640.4,0,0,20,0,0,0,0,0,0
0,1766322180099,501953118877,rejected,BUY,NONE,DEMO,MinQty,0,0,0,0,0,0,0,0,88640.45,88640.5,0,0,20,0,0,0,0,0,0
0,1766322180119,501953118898,rejected,SELL,NONE,DEMO,MinQty,0,0,0,0,0,0,0,0,88640.45,88640.4,0,0,20,0,0,0,0,0,0
0,1766322180140,501953118921,rejected,BUY,NONE,DEMO,MinQty,0,0,0,0,0,0,0,0,88640.45,88640.5,0,0,20,0,0,0,0,0,0
0,1766322180179,501953118981,rejected,SELL,NONE,DEMO,MinQty,0,0,0,0,0,0,0,0,88640.45,88640.4,0,0,20,0,0,0,0,0,0
0,1766322180219,501953119042,rejected,BUY,NONE,DEMO,MinQty,0,0,0,0,0,0,0,0,88640.45,88640.5,0,0,20,0,0,0,0,0,0
0,1766322180299,501953119127,rejected,SELL,NONE,DEMO,MinQty,0,0,0,0,0,0,0,0,88640.45,88640.4,0,0,20,0,0,0,0,0,0
0,1766322180319,501953119137,rejected,BUY,NONE,DEMO,MinQty,0,0,0,0,0,0,0,0,88640.45,88640.5,0,0,20,0,0,0,0,0,0
0,1766322180339,501953119174,rejected,SELL,NONE,DEMO,MinQty,0,0,0,0,0,0,0,0,88640.45,88640.4,0,0,20,0,0,0,0,0,0
0,1766322180379,501953119228,rejected,BUY,NONE,DEMO,MinQty,0,0,0,0,0,0,0,0,88640.45,88640.5,0,0,20,0,0,0,0,0,0
0,1766322180399,501953119254,rejected,SELL,NONE,DEMO,MinQty,0,0,0,0,0,0,0,0,88640.45,88640.4,0,0,20,0,0,0,0,0,0
0,1766322180459,501953119398,rejected,BUY,NONE,DEMO,MinQty,0,0,0,0,0,0,0,0,88640.45,88640.5,0,0,20,0,0,0,0,0,0
0,1766322180499,501953119587,rejected,SELL,NONE,DEMO,MinQty,0,0,0,0,0,0,0,0,88640.45,88640.4,0,0,20,0,0,0,0,0,0
0,1766322180519,501953119714,rejected,BUY,NONE,DEMO,MinQty,0,0,0,0,0,0,0,0,88640.45,88640.5,0,0,20,0,0,0,0,0,0
0,1766322180539,501953119784,rejected,SELL,NONE,DEMO,MinQty,0,0,0,0,0,0,0,0,88640.45,88640.4,0,0,20,0,0,0,0,0,0
0,1766322180559,501953119859,rejected,BUY,NONE,DEMO,MinQty,0,0,0,0,0,0,0,0,88640.45,88640.5,0,0,20,0,0,0,0,0,0
0,1766322180579,501953119927,rejected,SELL,NONE,DEMO,MinQty,0,0,0,0,0,0,0,0,88640.45,88640.4,0,0,20,0,0,0,0,0,0
0,1766322180599,501953120004,rejected,BUY,NONE,DEMO,MinQty,0,0,0,0,0,0,0,0,88640.45,88640.5,0,0,20,0,0,0,0,0,0
0,1766322180619,501953120138,rejected,SELL,NONE,DEMO,MinQty,0,0,0,0,0,0,0,0,88640.45,88640.4,0,0,20,0,0,0,0,0,0
0,1766322180639,501953120240,rejected,BUY,NONE,DEMO,MinQty,0,0,0,0,0,0,0,0,88640.45,88640.5,0,0,20,0,0,0,0,0,0
0,1766322180659,501953120290,rejected,SELL,NONE,DEMO,MinQty,0,0,0,0,0,0,0,0,88640.45,88640.4,0,0,20,0,0,0,0,0,0
0,1766322180679,501953120336,rejected,BUY,NONE,DEMO,MinQty,0,0,0,0,0,0,0,0,88640.45,88640.5,0,0,20,0,0,0,0,0,0
0,1766322180699,501953120385,rejected,SELL,NONE,DEMO,MinQty,0,0,0,0,0,0,0,0,88640.45,88640.4,0,0,20,0,0,0,0,0,0
0,1766322180719,501953120425,rejected,BUY,NONE,DEMO,MinQty,0,0,0,0,0,0,0,0,88640.45,88640.5,0,0,20,0,0,0,0,0,0
0,1766322180739,501953120815,rejected,SELL,NONE,DEMO,MinQty,0,0,0,0,0,0,0,0,88638.65,88638.6,0,0,20,0,0,0,0,0,0
0,1766322180759,501953122184,rejected,BUY,NONE,DEMO,MinQty,0,0,0,0,0,0,0,0,88637.65,88637.7,0,0,20,0,0,0,0,0,0
0,1766322180779,501953122647,rejected,SELL,NONE,DEMO,MinQty,0,0,0,0,0,0,0,0,88637.65,88637.6,0,0,20,0,0,0,0,0,0
0,1766322180799,501953123448,rejected,BUY,NONE,DEMO,MinQty,0,0,0,0,0,0,0,0,88637.65,88637.7,0,0,20,0,0,0,0,0,0
0,1766322180819,501953123984,rejected,SELL,NONE,DEMO,MinQty,0,0,0,0,0,0,0,0,88637.65,88637.6,0,0,20,0,0,0,0,0,0
0,1766322180839,501953124501,rejected,BUY,NONE,DEMO,MinQty,0,0,0,0,0,0,0,0,88637.65,88637.7,0,0,20,0,0,0,0,0,0
0,1766322180859,501953126533,rejected,SELL,NONE,DEMO,MinQty,0,0,0,0,0,0,0,0,88635.25,88635.2,0,0,20,0,0,0,0,0,0
0,1766322180879,501953127171,rejected,BUY,NONE,DEMO,MinQty,0,0,0,0,0,0,0,0,88635.25,88635.3,0,0,20,0,0,0,0,0,0
0,1766322180899,501953127538,rejected,SELL,NONE,DEMO,MinQty,0,0,0,0,0,0,0,0,88635.25,88635.2,0,0,20,0,0,0,0,0,0
0,1766322180919,501953128026,rejected,BUY,NONE,DEMO,MinQty,0,0,0,0,0,0,0,0,88635.25,88635.3,0,0,20,0,0,0,0,0,0
0,1766322180939,501953128382,rejected,SELL,NONE,DEMO,MinQty,0,0,0,0,0,0,0,0,88635.25,88635.2,0,0,20,0,0,0,0,0,0
0,1766322180959,501953128771,rejected,BUY,NONE,DEMO,MinQty,0,0,0,0,0,0,0,0,88635.25,88635.3,0,0,20,0,0,0,0,0,0
0,1766322180979,501953129065,rejected,SELL,NONE,DEMO,MinQty,0,0,0,0,0,0,0,0,88635.25,88635.2,0,0,20,0,0,0,0,0,0
0,1766322180999,501953129357,rejected,BUY,NONE,DEMO,MinQty,0,0,0,0,0,0,0,0,88635.25,88635.3,0,0,20,0,0,0,0,0,0
0,1766322181019,501953129653,rejected,SELL,NONE,DEMO,MinQty,0,0,0,0,0,0,0,0,88635.25,88635.2,0,0,20,0,0,0,0,0,0
0,1766322181039,501953129918,rejected,BUY,NONE,DEMO,MinQty,0,0,0,0,0,0,0,0,88635.25,88635.3,0,0,20,0,0,0,0,0,0
0,1766322181059,501953130208,rejected,SELL,NONE,DEMO,MinQty,0,0,0,0,0,0,0,0,88635.25,88635.2,0,0,20,0,0,0,0,0,0
0,1766322181079,501953130503,rejected,BUY,NONE,DEMO,MinQty,0,0,0,0,0,0,0,0,88635.25,88635.3,0,0,20,0,0,0,0,0,0
0,1766322181099,501953130753,rejected,SELL,NONE,DEMO,MinQty,0,0,0,0,0,0,0,0,88635.25,88635.2,0,0,20,0,0,0,0,0,0
0,1766322181119,501953131077,rejected,BUY,NONE,DEMO,MinQty,0,0,0,0,0,0,0,0,88635.25,88635.3,0,0,20,0,0,0,0,0,0
0,1766322181139,501953131320,rejected,SELL,NONE,DEMO,MinQty,0,0,0,0,0,0,0,0,88635.25,88635.2,0,0,20,0,0,0,0,0,0
0,1766322181159,501953131583,rejected,BUY,NONE,DEMO,MinQty,0,0,0,0,0,0,0,0,88635.25,88635.3,0,0,20,0,0,0,0,0,0
0,1766322181179,501953131801,rejected,SELL,NONE,DEMO,MinQty,0,0,0,0,0,0,0,0,88635.25,88635.2,0,0,20,0,0,0,0,0,0
0,1766322181199,501953132078,rejected,BUY,NONE,DEMO,MinQty,0,0,0,0,0,0,0,0,88635.25,88635.3,0,0,20,0,0,0,0,0,0
0,1766322181219,501953132310,rejected,SELL,NONE,DEMO,MinQty,0,0,0,0,0,0,0,0,88635.25,88635.2,0,0,20,0,0,0,0,0,0
0,1766322181239,501953132535,rejected,BUY,NONE,DEMO,MinQty,0,0,0,0,0,0,0,0,88635.25,88635.3,0,0,20,0,0,0,0,0,0
0,1766322181259,501953132794,rejected,SELL,NONE,DEMO,MinQty,0,0,0,0,0,0,0,0,88635.25,88635.2,0,0,20,0,0,0,0,0,0
0,1766322181279,501953133055,rejected,BUY,NONE,DEMO,MinQty,0,0,0,0,0,0,0,0,88635.25,88635.3,0,0,20,0,0,0,0,0,0
0,1766322181299,501953133186,rejected,SELL,NONE,DEMO,MinQty,0,0,0,0,0,0,0,0,88635.25,88635.2,0,0,20,0,0,0,0,0,0
0,1766322181339,501953134646,rejected,BUY,NONE,DEMO,MinQty,0,0,0,0,0,0,0,0,88632.35,88632.4,0,0,20,0,0,0,0,0,0
0,1766322181359,501953135338,rejected,SELL,NONE,DEMO,MinQty,0,0,0,0,0,0,0,0,88632.35,88632.3,0,0,20,0,0,0,0,0,0
0,1766322181379,501953135537,rejected,BUY,NONE,DEMO,MinQty,0,0,0,0,0,0,0,0,88632.35,88632.4,0,0,20,0,0,0,0,0,0
0,1766322181399,501953135692,rejected,SELL,NONE,DEMO,MinQty,0,0,0,0,0,0,0,0,88632.35,88632.3,0,0,20,0,0,0,0,0,0
0,1766322181419,501953135900,rejected,BUY,NONE,DEMO,MinQty,0,0,0,0,0,0,0,0,88632.35,88632.4,0,0,20,0,0,0,0,0,0
0,1766322181439,501953136134,rejected,SELL,NONE,DEMO,MinQty,0,0,0,0,0,0,0,0,88632.35,88632.3,0,0,20,0,0,0,0,0,0
0,1766322181459,501953136269,rejected,BUY,NONE,DEMO,MinQty,0,0,0,0,0,0,0,0,88632.35,88632.4,0,0,20,0,0,0,0,0,0
0,1766322181479,501953136345,rejected,SELL,NONE,DEMO,MinQty,0,0,0,0,0,0,0,0,88632.35,88632.3,0,0,20,0,0,0,0,0,0
0,1766322181499,501953136437,rejected,BUY,NONE,DEMO,MinQty,0,0,0,0,0,0,0,0,88632.35,88632.4,0,0,20,0,0,0,0,0,0
0,1766322181519,501953136534,rejected,SELL,NONE,DEMO,MinQty,0,0,0,0,0,0,0,0,88632.35,88632.3,0,0,20,0,0,0,0,0,0
0,1766322181539,501953136617,rejected,BUY,NONE,DEMO,MinQty,0,0,0,0,0,0,0,0,88632.35,88632.4,0,0,20,0,0,0,0,0,0
0,1766322181579,501953136758,rejected,SELL,NONE,DEMO,MinQty,0,0,0,0,0,0,0,0,88632.35,88632.3,0,0,20,0,0,0,0,0,0
0,1766322181619,501953136873,rejected,BUY,NONE,DEMO,MinQty,0,0,0,0,0,0,0,0,88632.35,88632.4,0,0,20,0,0,0,0,0,0
0,1766322181639,501953136945,rejected,SELL,NONE,DEMO,MinQty,0,0,0,0,0,0,0,0,88632.35,88632.3,0,0,20,0,0,0,0,0,0
0,1766322181659,501953137017,rejected,BUY,NONE,DEMO,MinQty,0,0,0,0,0,0,0,0,88632.35,88632.4,0,0,20,0,0,0,0,0,0
0,1766322181679,501953137107,rejected,SELL,NONE,DEMO,MinQty,0,0,0,0,0,0,0,0,88632.35,88632.3,0,0,20,0,0,0,0,0,0
0,1766322181699,501953137791,rejected,BUY,NONE,DEMO,MinQty,0,0,0,0,0,0,0,0,88631.35,88631.4,0,0,20,0,0,0,0,0,0
0,1766322181719,501953138400,rejected,SELL,NONE,DEMO,MinQty,0,0,0,0,0,0,0,0,88631.35,88631.3,0,0,20,0,0,0,0,0,0
0,1766322181739,501953138899,rejected,BUY,NONE,DEMO,MinQty,0,0,0,0,0,0,0,0,88631.35,88631.4,0,0,20,0,0,0,0,0,0
0,1766322181759,501953139390,rejected,SELL,NONE,DEMO,MinQty,0,0,0,0,0,0,0,0,88631.35,88631.3,0,0,20,0,0,0,0,0,0
0,1766322181779,501953139958,rejected,BUY,NONE,DEMO,MinQty,0,0,0,0,0,0,0,0,88631.35,88631.4,0,0,20,0,0,0,0,0,0
0,1766322181799,501953140444,rejected,SELL,NONE,DEMO,MinQty,0,0,0,0,0,0,0,0,88631.35,88631.3,0,0,20,0,0,0,0,0,0
0,1766322181819,501953140934,rejected,BUY,NONE,DEMO,MinQty,0,0,0,0,0,0,0,0,88631.35,88631.4,0,0,20,0,0,0,0,0,0
0,1766322181839,501953141384,rejected,SELL,NONE,DEMO,MinQty,0,0,0,0,0,0,0,0,88631.35,88631.3,0,0,20,0,0,0,0,0,0
0,1766322181859,501953141814,rejected,BUY,NONE,DEMO,MinQty,0,0,0,0,0,0,0,0,88631.35,88631.4,0,0,20,0,0,0,0,0,0
0,1766322181879,501953142215,rejected,SELL,NONE,DEMO,MinQty,0,0,0,0,0,0,0,0,88631.35,88631.3,0,0,20,0,0,0,0,0,0
0,1766322181899,501953142752,rejected,BUY,NONE,DEMO,MinQty,0,0,0,0,0,0,0,0,88631.35,88631.4,0,0,20,0,0,0,0,0,0
0,1766322181919,501953143026,rejected,SELL,NONE,DEMO,MinQty,0,0,0,0,0,0,0,0,88631.35,88631.3,0,0,20,0,0,0,0,0,0
0,1766322181939,501953143244,rejected,BUY,NONE,DEMO,MinQty,0,0,0,0,0,0,0,0,88631.35,88631.4,0,0,20,0,0,0,0,0,0
0,1766322181959,501953143430,rejected,SELL,NONE,DEMO,MinQty,0,0,0,0,0,0,0,0,88631.35,88631.3,0,0,20,0,0,0,0,0,0
0,1766322181979,501953143549,rejected,BUY,NONE,DEMO,MinQty,0,0,0,0,0,0,0,0,88631.35,88631.4,0,0,20,0,0,0,0,0,0
0,1766322182000,501953143576,rejected,SELL,NONE,DEMO,MinQty,0,0,0,0,0,0,0,0,88631.35,88631.3,0,0,20,0,0,0,0,0,0
0,1766322182019,501953143627,rejected,BUY,NONE,DEMO,MinQty,0,0,0,0,0,0,0,0,88631.35,88631.4,0,0,20,0,0,0,0,0,0
0,1766322182039,501953143648,rejected,SELL,NONE,DEMO,MinQty,0,0,0,0,0,0,0,0,88631.35,88631.3,0,0,20,0,0,0,0,0,0
0,1766322182060,501953143779,rejected,BUY,NONE,DEMO,MinQty,0,0,0,0,0,0,0,0,88631.35,88631.4,0,0,20,0,0,0,0,0,0
0,1766322182080,501953143824,rejected,SELL,NONE,DEMO,MinQty,0,0,0,0,0,0,0,0,88631.35,88631.3,0,0,20,0,0,0,0,0,0
0,1766322182099,501953143845,rejected,BUY,NONE,DEMO,MinQty,0,0,0,0,0,0,0,0,88631.35,88631.4,0,0,20,0,0,0,0,0,0
0,1766322182119,501953143907,rejected,SELL,NONE,DEMO,MinQty,0,0,0,0,0,0,0,0,88631.35,88631.3,0,0,20,0,0,0,0,0,0
0,1766322182139,501953143943,rejected,BUY,NONE,DEMO,MinQty,0,0,0,0,0,0,0,0,88631.35,88631.4,0,0,20,0,0,0,0,0,0
0,1766322182199,501953144020,rejected,SELL,NONE,DEMO,MinQty,0,0,0,0,0,0,0,0,88631.35,88631.3,0,0,20,0,0,0,0,0,0
0,1766322182220,501953144073,rejected,BUY,NONE,DEMO,MinQty,0,0,0,0,0,0,0,0,88631.35,88631.4,0,0,20,0,0,0,0,0,0
0,1766322182239,501953144105,rejected,SELL,NONE,DEMO,MinQty,0,0,0,0,0,0,0,0,88631.35,88631.3,0,0,20,0,0,0,0,0,0
